user_id,car_id,interaction
0,0,1.0
1,0,0.0
2,0,0.0
3,0,0.0
4,0,0.0
5,0,0.0
6,0,0.0
7,0,0.0
8,0,0.0
9,0,0.0
10,0,0.0
11,0,0.0
12,0,1.0
13,0,1.0
14,0,0.0
15,0,0.0
16,0,0.0
17,0,1.0
18,0,0.0
19,0,0.0
20,0,0.0
21,0,1.0
22,0,0.0
23,0,0.0
24,0,0.0
25,0,0.0
26,0,0.0
27,0,0.0
28,0,0.0
29,0,0.0
30,0,0.0
31,0,0.0
32,0,0.0
33,0,1.0
34,0,0.0
35,0,0.0
36,0,0.0
37,0,0.0
38,0,0.0
39,0,0.0
40,0,0.0
41,0,0.0
42,0,0.0
43,0,0.0
44,0,0.0
45,0,0.0
46,0,0.0
47,0,0.0
48,0,1.0
49,0,0.0
50,0,0.0
51,0,0.0
52,0,1.0
53,0,0.0
54,0,0.0
55,0,0.0
56,0,0.0
57,0,0.0
58,0,1.0
59,0,0.0
60,0,0.0
61,0,0.0
62,0,0.0
63,0,0.0
64,0,0.0
65,0,1.0
66,0,0.0
67,0,1.0
68,0,0.0
69,0,0.0
70,0,0.0
71,0,0.0
72,0,0.0
73,0,0.0
74,0,1.0
0,2,0.0
1,2,0.0
2,2,0.0
3,2,0.0
4,2,0.0
5,2,0.0
6,2,0.0
7,2,0.0
8,2,0.0
9,2,0.0
10,2,0.0
11,2,0.0
12,2,1.0
13,2,0.0
14,2,0.0
15,2,0.0
16,2,0.0
17,2,0.0
18,2,0.0
19,2,0.0
20,2,0.0
21,2,0.0
22,2,0.0
23,2,0.0
24,2,0.0
25,2,0.0
26,2,0.0
27,2,0.0
28,2,0.0
29,2,0.0
30,2,0.0
31,2,0.0
32,2,0.0
33,2,1.0
34,2,1.0
35,2,0.0
36,2,0.0
37,2,0.0
38,2,0.0
39,2,0.0
40,2,0.0
41,2,0.0
42,2,0.0
43,2,0.0
44,2,0.0
45,2,0.0
46,2,0.0
47,2,0.0
48,2,1.0
49,2,0.0
50,2,0.0
51,2,0.0
52,2,0.0
53,2,0.0
54,2,0.0
55,2,0.0
56,2,0.0
57,2,0.0
58,2,0.0
59,2,0.0
60,2,0.0
61,2,0.0
62,2,0.0
63,2,0.0
64,2,0.0
65,2,0.0
66,2,0.0
67,2,0.0
68,2,0.0
69,2,0.0
70,2,0.0
71,2,0.0
72,2,0.0
73,2,0.0
74,2,0.0
0,3,0.0
1,3,0.0
2,3,0.0
3,3,0.0
4,3,0.0
5,3,0.0
6,3,0.0
7,3,0.0
8,3,0.0
9,3,0.0
10,3,0.0
11,3,0.0
12,3,0.0
13,3,0.0
14,3,0.0
15,3,0.0
16,3,0.0
17,3,0.0
18,3,0.0
19,3,0.0
20,3,0.0
21,3,0.0
22,3,0.0
23,3,0.0
24,3,0.0
25,3,0.0
26,3,0.0
27,3,0.0
28,3,0.0
29,3,0.0
30,3,0.0
31,3,0.0
32,3,0.0
33,3,0.0
34,3,0.0
35,3,0.0
36,3,0.0
37,3,0.0
38,3,0.0
39,3,0.0
40,3,0.0
41,3,0.0
42,3,0.0
43,3,0.0
44,3,0.0
45,3,0.0
46,3,0.0
47,3,0.0
48,3,0.0
49,3,0.0
50,3,0.0
51,3,0.0
52,3,1.0
53,3,0.0
54,3,0.0
55,3,0.0
56,3,0.0
57,3,0.0
58,3,1.0
59,3,0.0
60,3,0.0
61,3,0.0
62,3,0.0
63,3,0.0
64,3,0.0
65,3,1.0
66,3,0.0
67,3,0.0
68,3,0.0
69,3,0.0
70,3,0.0
71,3,0.0
72,3,0.0
73,3,0.0
74,3,0.0
0,4,0.0
1,4,0.0
2,4,0.0
3,4,0.0
4,4,0.0
5,4,0.0
6,4,0.0
7,4,0.0
8,4,0.0
9,4,0.0
10,4,0.0
11,4,0.0
12,4,1.0
13,4,0.0
14,4,0.0
15,4,0.0
16,4,0.0
17,4,0.0
18,4,1.0
19,4,0.0
20,4,0.0
21,4,0.0
22,4,0.0
23,4,0.0
24,4,0.0
25,4,0.0
26,4,0.0
27,4,0.0
28,4,0.0
29,4,0.0
30,4,0.0
31,4,0.0
32,4,0.0
33,4,0.0
34,4,1.0
35,4,0.0
36,4,0.0
37,4,0.0
38,4,0.0
39,4,0.0
40,4,0.0
41,4,0.0
42,4,0.0
43,4,0.0
44,4,0.0
45,4,0.0
46,4,0.0
47,4,0.0
48,4,0.0
49,4,0.0
50,4,0.0
51,4,0.0
52,4,0.0
53,4,0.0
54,4,0.0
55,4,0.0
56,4,0.0
57,4,0.0
58,4,1.0
59,4,0.0
60,4,0.0
61,4,0.0
62,4,0.0
63,4,1.0
64,4,0.0
65,4,0.0
66,4,0.0
67,4,1.0
68,4,0.0
69,4,0.0
70,4,0.0
71,4,0.0
72,4,0.0
73,4,0.0
74,4,0.0
0,5,1.0
1,5,0.0
2,5,1.0
3,5,0.0
4,5,0.0
5,5,0.0
6,5,0.0
7,5,0.0
8,5,0.0
9,5,0.0
10,5,0.0
11,5,0.0
12,5,0.0
13,5,1.0
14,5,0.0
15,5,0.0
16,5,0.0
17,5,0.0
18,5,1.0
19,5,0.0
20,5,0.0
21,5,0.0
22,5,0.0
23,5,0.0
24,5,1.0
25,5,0.0
26,5,1.0
27,5,0.0
28,5,0.0
29,5,0.0
30,5,0.0
31,5,0.0
32,5,0.0
33,5,0.0
34,5,0.0
35,5,0.0
36,5,0.0
37,5,0.0
38,5,0.0
39,5,0.0
40,5,0.0
41,5,0.0
42,5,0.0
43,5,0.0
44,5,1.0
45,5,0.0
46,5,0.0
47,5,0.0
48,5,1.0
49,5,0.0
50,5,0.0
51,5,0.0
52,5,0.0
53,5,0.0
54,5,0.0
55,5,0.0
56,5,0.0
57,5,0.0
58,5,0.0
59,5,0.0
60,5,0.0
61,5,1.0
62,5,0.0
63,5,1.0
64,5,0.0
65,5,0.0
66,5,0.0
67,5,1.0
68,5,0.0
69,5,0.0
70,5,0.0
71,5,0.0
72,5,0.0
73,5,0.0
74,5,1.0
0,6,0.0
1,6,0.0
2,6,0.0
3,6,0.0
4,6,0.0
5,6,0.0
6,6,0.0
7,6,0.0
8,6,0.0
9,6,0.0
10,6,0.0
11,6,0.0
12,6,0.0
13,6,0.0
14,6,0.0
15,6,0.0
16,6,0.0
17,6,0.0
18,6,0.0
19,6,0.0
20,6,0.0
21,6,0.0
22,6,0.0
23,6,0.0
24,6,1.0
25,6,0.0
26,6,1.0
27,6,0.0
28,6,0.0
29,6,0.0
30,6,0.0
31,6,0.0
32,6,0.0
33,6,0.0
34,6,0.0
35,6,0.0
36,6,0.0
37,6,0.0
38,6,0.0
39,6,0.0
40,6,0.0
41,6,0.0
42,6,0.0
43,6,0.0
44,6,0.0
45,6,0.0
46,6,0.0
47,6,0.0
48,6,1.0
49,6,1.0
50,6,0.0
51,6,0.0
52,6,1.0
53,6,0.0
54,6,0.0
55,6,0.0
56,6,0.0
57,6,0.0
58,6,0.0
59,6,0.0
60,6,0.0
61,6,0.0
62,6,0.0
63,6,0.0
64,6,0.0
65,6,0.0
66,6,0.0
67,6,0.0
68,6,0.0
69,6,0.0
70,6,0.0
71,6,0.0
72,6,0.0
73,6,0.0
74,6,1.0
0,7,1.0
1,7,0.0
2,7,0.0
3,7,0.0
4,7,0.0
5,7,0.0
6,7,0.0
7,7,0.0
8,7,0.0
9,7,0.0
10,7,0.0
11,7,0.0
12,7,1.0
13,7,1.0
14,7,0.0
15,7,0.0
16,7,0.0
17,7,1.0
18,7,1.0
19,7,0.0
20,7,0.0
21,7,1.0
22,7,0.0
23,7,0.0
24,7,1.0
25,7,0.0
26,7,1.0
27,7,0.0
28,7,0.0
29,7,0.0
30,7,0.0
31,7,0.0
32,7,0.0
33,7,1.0
34,7,1.0
35,7,0.0
36,7,0.0
37,7,0.0
38,7,0.0
39,7,0.0
40,7,0.0
41,7,1.0
42,7,0.0
43,7,0.0
44,7,1.0
45,7,0.0
46,7,0.0
47,7,0.0
48,7,1.0
49,7,1.0
50,7,0.0
51,7,0.0
52,7,1.0
53,7,0.0
54,7,0.0
55,7,0.0
56,7,0.0
57,7,0.0
58,7,1.0
59,7,0.0
60,7,0.0
61,7,1.0
62,7,0.0
63,7,1.0
64,7,0.0
65,7,0.0
66,7,0.0
67,7,1.0
68,7,0.0
69,7,0.0
70,7,0.0
71,7,0.0
72,7,0.0
73,7,0.0
74,7,1.0
0,8,0.0
1,8,0.0
2,8,1.0
3,8,0.0
4,8,0.0
5,8,0.0
6,8,0.0
7,8,0.0
8,8,0.0
9,8,0.0
10,8,0.0
11,8,0.0
12,8,0.0
13,8,1.0
14,8,0.0
15,8,0.0
16,8,0.0
17,8,1.0
18,8,1.0
19,8,0.0
20,8,0.0
21,8,1.0
22,8,0.0
23,8,0.0
24,8,1.0
25,8,0.0
26,8,1.0
27,8,0.0
28,8,0.0
29,8,0.0
30,8,0.0
31,8,0.0
32,8,0.0
33,8,1.0
34,8,1.0
35,8,0.0
36,8,0.0
37,8,0.0
38,8,0.0
39,8,0.0
40,8,0.0
41,8,1.0
42,8,0.0
43,8,0.0
44,8,1.0
45,8,0.0
46,8,0.0
47,8,0.0
48,8,1.0
49,8,1.0
50,8,0.0
51,8,0.0
52,8,1.0
53,8,0.0
54,8,0.0
55,8,0.0
56,8,0.0
57,8,0.0
58,8,1.0
59,8,0.0
60,8,0.0
61,8,1.0
62,8,0.0
63,8,0.0
64,8,0.0
65,8,1.0
66,8,0.0
67,8,1.0
68,8,0.0
69,8,0.0
70,8,0.0
71,8,0.0
72,8,0.0
73,8,0.0
74,8,1.0
0,9,1.0
1,9,0.0
2,9,1.0
3,9,0.0
4,9,0.0
5,9,0.0
6,9,0.0
7,9,0.0
8,9,0.0
9,9,0.0
10,9,0.0
11,9,0.0
12,9,1.0
13,9,1.0
14,9,0.0
15,9,0.0
16,9,0.0
17,9,1.0
18,9,0.0
19,9,0.0
20,9,0.0
21,9,1.0
22,9,0.0
23,9,0.0
24,9,1.0
25,9,0.0
26,9,0.0
27,9,0.0
28,9,0.0
29,9,0.0
30,9,0.0
31,9,0.0
32,9,0.0
33,9,1.0
34,9,1.0
35,9,0.0
36,9,0.0
37,9,0.0
38,9,0.0
39,9,0.0
40,9,0.0
41,9,1.0
42,9,0.0
43,9,0.0
44,9,1.0
45,9,0.0
46,9,0.0
47,9,0.0
48,9,1.0
49,9,1.0
50,9,0.0
51,9,0.0
52,9,1.0
53,9,0.0
54,9,0.0
55,9,0.0
56,9,0.0
57,9,0.0
58,9,0.0
59,9,0.0
60,9,0.0
61,9,1.0
62,9,0.0
63,9,1.0
64,9,0.0
65,9,1.0
66,9,0.0
67,9,0.0
68,9,0.0
69,9,0.0
70,9,0.0
71,9,0.0
72,9,0.0
73,9,0.0
74,9,1.0
0,10,1.0
1,10,0.0
2,10,0.0
3,10,0.0
4,10,0.0
5,10,0.0
6,10,0.0
7,10,0.0
8,10,0.0
9,10,0.0
10,10,0.0
11,10,0.0
12,10,0.0
13,10,0.0
14,10,0.0
15,10,0.0
16,10,0.0
17,10,1.0
18,10,1.0
19,10,0.0
20,10,0.0
21,10,0.0
22,10,0.0
23,10,0.0
24,10,1.0
25,10,0.0
26,10,1.0
27,10,0.0
28,10,0.0
29,10,0.0
30,10,0.0
31,10,0.0
32,10,0.0
33,10,0.0
34,10,0.0
35,10,0.0
36,10,0.0
37,10,0.0
38,10,0.0
39,10,0.0
40,10,0.0
41,10,0.0
42,10,0.0
43,10,0.0
44,10,0.0
45,10,0.0
46,10,0.0
47,10,0.0
48,10,1.0
49,10,1.0
50,10,0.0
51,10,0.0
52,10,0.0
53,10,0.0
54,10,0.0
55,10,0.0
56,10,0.0
57,10,0.0
58,10,0.0
59,10,0.0
60,10,0.0
61,10,0.0
62,10,0.0
63,10,0.0
64,10,0.0
65,10,1.0
66,10,0.0
67,10,0.0
68,10,0.0
69,10,0.0
70,10,0.0
71,10,0.0
72,10,0.0
73,10,0.0
74,10,1.0
0,11,0.0
1,11,0.0
2,11,0.0
3,11,0.0
4,11,0.0
5,11,0.0
6,11,0.0
7,11,0.0
8,11,0.0
9,11,0.0
10,11,0.0
11,11,0.0
12,11,0.0
13,11,1.0
14,11,0.0
15,11,0.0
16,11,0.0
17,11,0.0
18,11,0.0
19,11,0.0
20,11,0.0
21,11,0.0
22,11,0.0
23,11,0.0
24,11,1.0
25,11,0.0
26,11,1.0
27,11,0.0
28,11,0.0
29,11,0.0
30,11,0.0
31,11,0.0
32,11,0.0
33,11,1.0
34,11,0.0
35,11,0.0
36,11,0.0
37,11,0.0
38,11,0.0
39,11,0.0
40,11,0.0
41,11,1.0
42,11,0.0
43,11,0.0
44,11,0.0
45,11,0.0
46,11,0.0
47,11,0.0
48,11,0.0
49,11,1.0
50,11,0.0
51,11,0.0
52,11,0.0
53,11,0.0
54,11,0.0
55,11,0.0
56,11,0.0
57,11,0.0
58,11,0.0
59,11,0.0
60,11,0.0
61,11,0.0
62,11,0.0
63,11,0.0
64,11,0.0
65,11,0.0
66,11,0.0
67,11,0.0
68,11,0.0
69,11,0.0
70,11,0.0
71,11,0.0
72,11,0.0
73,11,0.0
74,11,1.0
0,12,0.0
1,12,0.0
2,12,1.0
3,12,0.0
4,12,0.0
5,12,0.0
6,12,0.0
7,12,0.0
8,12,0.0
9,12,0.0
10,12,0.0
11,12,0.0
12,12,1.0
13,12,1.0
14,12,1.0
15,12,0.0
16,12,0.0
17,12,1.0
18,12,0.0
19,12,0.0
20,12,0.0
21,12,1.0
22,12,0.0
23,12,0.0
24,12,1.0
25,12,0.0
26,12,1.0
27,12,0.0
28,12,0.0
29,12,1.0
30,12,0.0
31,12,0.0
32,12,1.0
33,12,1.0
34,12,1.0
35,12,0.0
36,12,1.0
37,12,1.0
38,12,0.0
39,12,1.0
40,12,0.0
41,12,1.0
42,12,1.0
43,12,1.0
44,12,1.0
45,12,0.0
46,12,1.0
47,12,0.0
48,12,0.0
49,12,1.0
50,12,0.0
51,12,1.0
52,12,0.0
53,12,0.0
54,12,1.0
55,12,0.0
56,12,0.0
57,12,1.0
58,12,0.0
59,12,0.0
60,12,0.0
61,12,1.0
62,12,0.0
63,12,1.0
64,12,0.0
65,12,1.0
66,12,0.0
67,12,1.0
68,12,0.0
69,12,0.0
70,12,1.0
71,12,0.0
72,12,0.0
73,12,0.0
74,12,1.0
0,13,0.0
1,13,0.0
2,13,0.0
3,13,0.0
4,13,0.0
5,13,0.0
6,13,0.0
7,13,0.0
8,13,0.0
9,13,0.0
10,13,0.0
11,13,0.0
12,13,0.0
13,13,0.0
14,13,0.0
15,13,0.0
16,13,0.0
17,13,0.0
18,13,0.0
19,13,0.0
20,13,0.0
21,13,0.0
22,13,0.0
23,13,0.0
24,13,0.0
25,13,0.0
26,13,0.0
27,13,0.0
28,13,0.0
29,13,0.0
30,13,0.0
31,13,0.0
32,13,0.0
33,13,0.0
34,13,0.0
35,13,0.0
36,13,0.0
37,13,0.0
38,13,0.0
39,13,0.0
40,13,0.0
41,13,1.0
42,13,0.0
43,13,0.0
44,13,0.0
45,13,0.0
46,13,0.0
47,13,0.0
48,13,0.0
49,13,0.0
50,13,0.0
51,13,0.0
52,13,0.0
53,13,0.0
54,13,0.0
55,13,0.0
56,13,0.0
57,13,0.0
58,13,0.0
59,13,0.0
60,13,0.0
61,13,0.0
62,13,0.0
63,13,0.0
64,13,0.0
65,13,0.0
66,13,0.0
67,13,0.0
68,13,0.0
69,13,0.0
70,13,0.0
71,13,0.0
72,13,0.0
73,13,0.0
74,13,0.0
0,15,0.0
1,15,0.0
2,15,0.0
3,15,0.0
4,15,0.0
5,15,0.0
6,15,0.0
7,15,0.0
8,15,0.0
9,15,0.0
10,15,0.0
11,15,0.0
12,15,0.0
13,15,0.0
14,15,0.0
15,15,0.0
16,15,0.0
17,15,0.0
18,15,0.0
19,15,0.0
20,15,0.0
21,15,0.0
22,15,0.0
23,15,0.0
24,15,0.0
25,15,0.0
26,15,0.0
27,15,0.0
28,15,0.0
29,15,0.0
30,15,0.0
31,15,0.0
32,15,0.0
33,15,0.0
34,15,0.0
35,15,0.0
36,15,0.0
37,15,0.0
38,15,0.0
39,15,0.0
40,15,0.0
41,15,0.0
42,15,0.0
43,15,0.0
44,15,0.0
45,15,0.0
46,15,0.0
47,15,0.0
48,15,0.0
49,15,0.0
50,15,0.0
51,15,0.0
52,15,0.0
53,15,0.0
54,15,0.0
55,15,0.0
56,15,0.0
57,15,0.0
58,15,1.0
59,15,0.0
60,15,0.0
61,15,0.0
62,15,0.0
63,15,0.0
64,15,0.0
65,15,0.0
66,15,0.0
67,15,0.0
68,15,0.0
69,15,0.0
70,15,0.0
71,15,0.0
72,15,0.0
73,15,0.0
74,15,0.0
0,17,0.0
1,17,0.0
2,17,0.0
3,17,0.0
4,17,0.0
5,17,0.0
6,17,0.0
7,17,0.0
8,17,0.0
9,17,0.0
10,17,0.0
11,17,0.0
12,17,1.0
13,17,0.0
14,17,0.0
15,17,0.0
16,17,0.0
17,17,0.0
18,17,0.0
19,17,0.0
20,17,0.0
21,17,0.0
22,17,0.0
23,17,0.0
24,17,0.0
25,17,0.0
26,17,0.0
27,17,0.0
28,17,0.0
29,17,0.0
30,17,0.0
31,17,0.0
32,17,0.0
33,17,1.0
34,17,0.0
35,17,0.0
36,17,0.0
37,17,0.0
38,17,0.0
39,17,0.0
40,17,0.0
41,17,0.0
42,17,0.0
43,17,0.0
44,17,0.0
45,17,0.0
46,17,0.0
47,17,0.0
48,17,0.0
49,17,0.0
50,17,0.0
51,17,0.0
52,17,0.0
53,17,0.0
54,17,0.0
55,17,0.0
56,17,0.0
57,17,0.0
58,17,0.0
59,17,0.0
60,17,0.0
61,17,0.0
62,17,0.0
63,17,0.0
64,17,0.0
65,17,0.0
66,17,0.0
67,17,0.0
68,17,0.0
69,17,0.0
70,17,0.0
71,17,0.0
72,17,0.0
73,17,0.0
74,17,0.0
0,18,0.0
1,18,0.0
2,18,0.0
3,18,0.0
4,18,0.0
5,18,0.0
6,18,0.0
7,18,0.0
8,18,0.0
9,18,0.0
10,18,0.0
11,18,0.0
12,18,1.0
13,18,0.0
14,18,0.0
15,18,0.0
16,18,0.0
17,18,0.0
18,18,0.0
19,18,0.0
20,18,0.0
21,18,0.0
22,18,0.0
23,18,0.0
24,18,0.0
25,18,0.0
26,18,0.0
27,18,0.0
28,18,0.0
29,18,0.0
30,18,0.0
31,18,0.0
32,18,1.0
33,18,0.0
34,18,0.0
35,18,0.0
36,18,0.0
37,18,0.0
38,18,0.0
39,18,0.0
40,18,0.0
41,18,0.0
42,18,0.0
43,18,0.0
44,18,0.0
45,18,0.0
46,18,0.0
47,18,0.0
48,18,0.0
49,18,0.0
50,18,0.0
51,18,0.0
52,18,0.0
53,18,0.0
54,18,0.0
55,18,0.0
56,18,0.0
57,18,0.0
58,18,0.0
59,18,0.0
60,18,0.0
61,18,0.0
62,18,0.0
63,18,0.0
64,18,0.0
65,18,0.0
66,18,0.0
67,18,0.0
68,18,0.0
69,18,0.0
70,18,0.0
71,18,0.0
72,18,0.0
73,18,0.0
74,18,0.0
0,19,0.0
1,19,0.0
2,19,1.0
3,19,0.0
4,19,0.0
5,19,0.0
6,19,0.0
7,19,0.0
8,19,0.0
9,19,0.0
10,19,0.0
11,19,0.0
12,19,0.0
13,19,0.0
14,19,0.0
15,19,0.0
16,19,0.0
17,19,0.0
18,19,0.0
19,19,0.0
20,19,0.0
21,19,1.0
22,19,0.0
23,19,0.0
24,19,0.0
25,19,0.0
26,19,0.0
27,19,0.0
28,19,0.0
29,19,0.0
30,19,0.0
31,19,0.0
32,19,0.0
33,19,0.0
34,19,0.0
35,19,0.0
36,19,0.0
37,19,0.0
38,19,0.0
39,19,0.0
40,19,0.0
41,19,0.0
42,19,0.0
43,19,0.0
44,19,0.0
45,19,0.0
46,19,0.0
47,19,0.0
48,19,1.0
49,19,0.0
50,19,0.0
51,19,0.0
52,19,0.0
53,19,0.0
54,19,0.0
55,19,0.0
56,19,0.0
57,19,0.0
58,19,0.0
59,19,0.0
60,19,0.0
61,19,1.0
62,19,0.0
63,19,0.0
64,19,0.0
65,19,0.0
66,19,0.0
67,19,0.0
68,19,0.0
69,19,0.0
70,19,0.0
71,19,0.0
72,19,0.0
73,19,0.0
74,19,0.0
0,20,0.0
1,20,0.0
2,20,1.0
3,20,0.0
4,20,0.0
5,20,0.0
6,20,0.0
7,20,0.0
8,20,0.0
9,20,0.0
10,20,0.0
11,20,0.0
12,20,0.0
13,20,0.0
14,20,0.0
15,20,0.0
16,20,0.0
17,20,0.0
18,20,0.0
19,20,0.0
20,20,0.0
21,20,0.0
22,20,0.0
23,20,0.0
24,20,1.0
25,20,0.0
26,20,0.0
27,20,0.0
28,20,0.0
29,20,0.0
30,20,0.0
31,20,0.0
32,20,0.0
33,20,1.0
34,20,0.0
35,20,0.0
36,20,0.0
37,20,0.0
38,20,0.0
39,20,0.0
40,20,0.0
41,20,0.0
42,20,0.0
43,20,0.0
44,20,0.0
45,20,0.0
46,20,0.0
47,20,0.0
48,20,0.0
49,20,0.0
50,20,0.0
51,20,0.0
52,20,0.0
53,20,0.0
54,20,0.0
55,20,0.0
56,20,0.0
57,20,0.0
58,20,0.0
59,20,0.0
60,20,0.0
61,20,0.0
62,20,0.0
63,20,0.0
64,20,0.0
65,20,0.0
66,20,0.0
67,20,0.0
68,20,0.0
69,20,0.0
70,20,0.0
71,20,0.0
72,20,0.0
73,20,0.0
74,20,0.0
0,21,0.0
1,21,0.0
2,21,0.0
3,21,0.0
4,21,0.0
5,21,0.0
6,21,0.0
7,21,0.0
8,21,0.0
9,21,0.0
10,21,0.0
11,21,0.0
12,21,0.0
13,21,0.0
14,21,0.0
15,21,0.0
16,21,0.0
17,21,0.0
18,21,0.0
19,21,0.0
20,21,0.0
21,21,0.0
22,21,0.0
23,21,0.0
24,21,0.0
25,21,0.0
26,21,0.0
27,21,0.0
28,21,0.0
29,21,0.0
30,21,0.0
31,21,0.0
32,21,0.0
33,21,0.0
34,21,0.0
35,21,0.0
36,21,0.0
37,21,0.0
38,21,0.0
39,21,0.0
40,21,0.0
41,21,0.0
42,21,0.0
43,21,0.0
44,21,0.0
45,21,0.0
46,21,0.0
47,21,0.0
48,21,0.0
49,21,0.0
50,21,0.0
51,21,0.0
52,21,0.0
53,21,0.0
54,21,0.0
55,21,0.0
56,21,0.0
57,21,0.0
58,21,1.0
59,21,0.0
60,21,0.0
61,21,0.0
62,21,0.0
63,21,0.0
64,21,0.0
65,21,0.0
66,21,0.0
67,21,0.0
68,21,0.0
69,21,0.0
70,21,0.0
71,21,0.0
72,21,0.0
73,21,0.0
74,21,0.0
0,22,0.0
1,22,0.0
2,22,0.0
3,22,0.0
4,22,0.0
5,22,0.0
6,22,0.0
7,22,0.0
8,22,0.0
9,22,0.0
10,22,0.0
11,22,0.0
12,22,0.0
13,22,0.0
14,22,0.0
15,22,0.0
16,22,0.0
17,22,0.0
18,22,0.0
19,22,0.0
20,22,0.0
21,22,0.0
22,22,0.0
23,22,0.0
24,22,0.0
25,22,0.0
26,22,0.0
27,22,0.0
28,22,0.0
29,22,0.0
30,22,0.0
31,22,0.0
32,22,0.0
33,22,0.0
34,22,0.0
35,22,0.0
36,22,0.0
37,22,0.0
38,22,1.0
39,22,0.0
40,22,0.0
41,22,0.0
42,22,0.0
43,22,0.0
44,22,0.0
45,22,0.0
46,22,0.0
47,22,0.0
48,22,0.0
49,22,0.0
50,22,0.0
51,22,0.0
52,22,0.0
53,22,0.0
54,22,0.0
55,22,0.0
56,22,0.0
57,22,0.0
58,22,0.0
59,22,0.0
60,22,0.0
61,22,0.0
62,22,0.0
63,22,0.0
64,22,0.0
65,22,0.0
66,22,0.0
67,22,0.0
68,22,0.0
69,22,0.0
70,22,0.0
71,22,0.0
72,22,0.0
73,22,0.0
74,22,0.0
0,23,0.0
1,23,0.0
2,23,0.0
3,23,0.0
4,23,0.0
5,23,0.0
6,23,0.0
7,23,1.0
8,23,0.0
9,23,0.0
10,23,0.0
11,23,0.0
12,23,0.0
13,23,1.0
14,23,0.0
15,23,0.0
16,23,0.0
17,23,0.0
18,23,0.0
19,23,0.0
20,23,0.0
21,23,0.0
22,23,0.0
23,23,0.0
24,23,1.0
25,23,0.0
26,23,0.0
27,23,0.0
28,23,0.0
29,23,0.0
30,23,0.0
31,23,0.0
32,23,0.0
33,23,1.0
34,23,1.0
35,23,0.0
36,23,0.0
37,23,0.0
38,23,0.0
39,23,0.0
40,23,0.0
41,23,0.0
42,23,0.0
43,23,0.0
44,23,0.0
45,23,0.0
46,23,0.0
47,23,0.0
48,23,0.0
49,23,0.0
50,23,0.0
51,23,0.0
52,23,0.0
53,23,0.0
54,23,0.0
55,23,0.0
56,23,0.0
57,23,0.0
58,23,0.0
59,23,0.0
60,23,0.0
61,23,0.0
62,23,0.0
63,23,0.0
64,23,0.0
65,23,0.0
66,23,0.0
67,23,0.0
68,23,0.0
69,23,0.0
70,23,0.0
71,23,0.0
72,23,0.0
73,23,0.0
74,23,0.0
0,28,0.0
1,28,0.0
2,28,0.0
3,28,0.0
4,28,0.0
5,28,0.0
6,28,0.0
7,28,0.0
8,28,0.0
9,28,0.0
10,28,0.0
11,28,0.0
12,28,0.0
13,28,0.0
14,28,0.0
15,28,0.0
16,28,0.0
17,28,0.0
18,28,0.0
19,28,0.0
20,28,0.0
21,28,0.0
22,28,0.0
23,28,0.0
24,28,0.0
25,28,0.0
26,28,0.0
27,28,1.0
28,28,0.0
29,28,0.0
30,28,0.0
31,28,0.0
32,28,0.0
33,28,0.0
34,28,0.0
35,28,0.0
36,28,0.0
37,28,0.0
38,28,0.0
39,28,0.0
40,28,0.0
41,28,0.0
42,28,0.0
43,28,0.0
44,28,0.0
45,28,0.0
46,28,0.0
47,28,0.0
48,28,0.0
49,28,0.0
50,28,0.0
51,28,0.0
52,28,0.0
53,28,0.0
54,28,0.0
55,28,0.0
56,28,0.0
57,28,0.0
58,28,0.0
59,28,0.0
60,28,0.0
61,28,0.0
62,28,0.0
63,28,0.0
64,28,0.0
65,28,0.0
66,28,0.0
67,28,0.0
68,28,0.0
69,28,0.0
70,28,0.0
71,28,0.0
72,28,0.0
73,28,0.0
74,28,0.0
0,33,0.0
1,33,0.0
2,33,0.0
3,33,0.0
4,33,0.0
5,33,0.0
6,33,0.0
7,33,0.0
8,33,0.0
9,33,0.0
10,33,0.0
11,33,0.0
12,33,0.0
13,33,0.0
14,33,0.0
15,33,0.0
16,33,0.0
17,33,1.0
18,33,0.0
19,33,0.0
20,33,0.0
21,33,0.0
22,33,0.0
23,33,0.0
24,33,0.0
25,33,0.0
26,33,0.0
27,33,0.0
28,33,0.0
29,33,0.0
30,33,0.0
31,33,0.0
32,33,0.0
33,33,0.0
34,33,0.0
35,33,0.0
36,33,0.0
37,33,0.0
38,33,0.0
39,33,0.0
40,33,0.0
41,33,0.0
42,33,0.0
43,33,0.0
44,33,0.0
45,33,0.0
46,33,0.0
47,33,0.0
48,33,0.0
49,33,0.0
50,33,0.0
51,33,0.0
52,33,0.0
53,33,0.0
54,33,0.0
55,33,0.0
56,33,0.0
57,33,0.0
58,33,0.0
59,33,0.0
60,33,0.0
61,33,0.0
62,33,0.0
63,33,0.0
64,33,0.0
65,33,0.0
66,33,0.0
67,33,0.0
68,33,0.0
69,33,0.0
70,33,0.0
71,33,0.0
72,33,0.0
73,33,0.0
74,33,0.0
0,35,0.0
1,35,0.0
2,35,0.0
3,35,0.0
4,35,0.0
5,35,0.0
6,35,0.0
7,35,0.0
8,35,0.0
9,35,0.0
10,35,0.0
11,35,0.0
12,35,0.0
13,35,0.0
14,35,0.0
15,35,0.0
16,35,0.0
17,35,0.0
18,35,0.0
19,35,0.0
20,35,0.0
21,35,0.0
22,35,0.0
23,35,0.0
24,35,0.0
25,35,0.0
26,35,0.0
27,35,0.0
28,35,1.0
29,35,0.0
30,35,0.0
31,35,0.0
32,35,0.0
33,35,0.0
34,35,0.0
35,35,0.0
36,35,0.0
37,35,0.0
38,35,0.0
39,35,0.0
40,35,0.0
41,35,0.0
42,35,0.0
43,35,0.0
44,35,0.0
45,35,0.0
46,35,0.0
47,35,0.0
48,35,0.0
49,35,0.0
50,35,0.0
51,35,0.0
52,35,0.0
53,35,0.0
54,35,0.0
55,35,0.0
56,35,0.0
57,35,0.0
58,35,0.0
59,35,0.0
60,35,0.0
61,35,0.0
62,35,0.0
63,35,0.0
64,35,0.0
65,35,0.0
66,35,0.0
67,35,0.0
68,35,0.0
69,35,0.0
70,35,0.0
71,35,0.0
72,35,0.0
73,35,0.0
74,35,0.0
0,40,0.0
1,40,0.0
2,40,1.0
3,40,0.0
4,40,0.0
5,40,0.0
6,40,0.0
7,40,0.0
8,40,0.0
9,40,0.0
10,40,0.0
11,40,0.0
12,40,0.0
13,40,0.0
14,40,0.0
15,40,0.0
16,40,0.0
17,40,0.0
18,40,0.0
19,40,0.0
20,40,0.0
21,40,0.0
22,40,0.0
23,40,0.0
24,40,0.0
25,40,0.0
26,40,0.0
27,40,0.0
28,40,0.0
29,40,0.0
30,40,0.0
31,40,0.0
32,40,0.0
33,40,0.0
34,40,0.0
35,40,0.0
36,40,0.0
37,40,0.0
38,40,0.0
39,40,0.0
40,40,0.0
41,40,0.0
42,40,0.0
43,40,0.0
44,40,0.0
45,40,0.0
46,40,0.0
47,40,0.0
48,40,0.0
49,40,0.0
50,40,0.0
51,40,0.0
52,40,0.0
53,40,0.0
54,40,0.0
55,40,0.0
56,40,0.0
57,40,0.0
58,40,0.0
59,40,0.0
60,40,0.0
61,40,0.0
62,40,0.0
63,40,0.0
64,40,0.0
65,40,0.0
66,40,0.0
67,40,0.0
68,40,0.0
69,40,0.0
70,40,0.0
71,40,0.0
72,40,0.0
73,40,0.0
74,40,0.0
0,45,0.0
1,45,0.0
2,45,0.0
3,45,0.0
4,45,0.0
5,45,0.0
6,45,1.0
7,45,0.0
8,45,0.0
9,45,0.0
10,45,0.0
11,45,0.0
12,45,0.0
13,45,0.0
14,45,0.0
15,45,1.0
16,45,0.0
17,45,0.0
18,45,0.0
19,45,0.0
20,45,0.0
21,45,0.0
22,45,0.0
23,45,1.0
24,45,0.0
25,45,0.0
26,45,0.0
27,45,0.0
28,45,0.0
29,45,0.0
30,45,0.0
31,45,0.0
32,45,0.0
33,45,0.0
34,45,0.0
35,45,0.0
36,45,1.0
37,45,1.0
38,45,0.0
39,45,0.0
40,45,1.0
41,45,0.0
42,45,0.0
43,45,0.0
44,45,0.0
45,45,0.0
46,45,0.0
47,45,1.0
48,45,0.0
49,45,0.0
50,45,0.0
51,45,1.0
52,45,0.0
53,45,0.0
54,45,0.0
55,45,0.0
56,45,0.0
57,45,0.0
58,45,0.0
59,45,1.0
60,45,0.0
61,45,0.0
62,45,0.0
63,45,0.0
64,45,0.0
65,45,0.0
66,45,0.0
67,45,0.0
68,45,0.0
69,45,0.0
70,45,0.0
71,45,0.0
72,45,1.0
73,45,0.0
74,45,0.0
0,50,0.0
1,50,1.0
2,50,0.0
3,50,0.0
4,50,0.0
5,50,0.0
6,50,0.0
7,50,0.0
8,50,0.0
9,50,0.0
10,50,0.0
11,50,0.0
12,50,0.0
13,50,0.0
14,50,0.0
15,50,0.0
16,50,0.0
17,50,0.0
18,50,0.0
19,50,0.0
20,50,0.0
21,50,0.0
22,50,0.0
23,50,0.0
24,50,0.0
25,50,0.0
26,50,0.0
27,50,0.0
28,50,0.0
29,50,0.0
30,50,0.0
31,50,0.0
32,50,0.0
33,50,0.0
34,50,0.0
35,50,0.0
36,50,0.0
37,50,0.0
38,50,0.0
39,50,0.0
40,50,0.0
41,50,0.0
42,50,0.0
43,50,0.0
44,50,0.0
45,50,0.0
46,50,0.0
47,50,0.0
48,50,0.0
49,50,0.0
50,50,0.0
51,50,0.0
52,50,0.0
53,50,0.0
54,50,0.0
55,50,0.0
56,50,0.0
57,50,0.0
58,50,0.0
59,50,0.0
60,50,0.0
61,50,0.0
62,50,0.0
63,50,0.0
64,50,0.0
65,50,0.0
66,50,0.0
67,50,0.0
68,50,0.0
69,50,0.0
70,50,0.0
71,50,0.0
72,50,0.0
73,50,0.0
74,50,0.0
0,59,1.0
1,59,0.0
2,59,0.0
3,59,0.0
4,59,0.0
5,59,0.0
6,59,0.0
7,59,0.0
8,59,0.0
9,59,0.0
10,59,1.0
11,59,0.0
12,59,0.0
13,59,0.0
14,59,0.0
15,59,0.0
16,59,1.0
17,59,0.0
18,59,0.0
19,59,0.0
20,59,0.0
21,59,0.0
22,59,0.0
23,59,0.0
24,59,0.0
25,59,1.0
26,59,0.0
27,59,1.0
28,59,0.0
29,59,0.0
30,59,0.0
31,59,1.0
32,59,0.0
33,59,0.0
34,59,0.0
35,59,1.0
36,59,0.0
37,59,0.0
38,59,0.0
39,59,0.0
40,59,0.0
41,59,0.0
42,59,1.0
43,59,0.0
44,59,0.0
45,59,1.0
46,59,0.0
47,59,0.0
48,59,0.0
49,59,1.0
50,59,0.0
51,59,0.0
52,59,0.0
53,59,0.0
54,59,1.0
55,59,0.0
56,59,0.0
57,59,0.0
58,59,0.0
59,59,0.0
60,59,0.0
61,59,0.0
62,59,0.0
63,59,0.0
64,59,1.0
65,59,0.0
66,59,1.0
67,59,0.0
68,59,1.0
69,59,1.0
70,59,0.0
71,59,0.0
72,59,0.0
73,59,0.0
74,59,0.0
0,62,0.0
1,62,0.0
2,62,0.0
3,62,0.0
4,62,0.0
5,62,0.0
6,62,0.0
7,62,0.0
8,62,0.0
9,62,0.0
10,62,0.0
11,62,0.0
12,62,0.0
13,62,0.0
14,62,0.0
15,62,0.0
16,62,0.0
17,62,0.0
18,62,0.0
19,62,0.0
20,62,1.0
21,62,0.0
22,62,0.0
23,62,0.0
24,62,0.0
25,62,0.0
26,62,0.0
27,62,0.0
28,62,0.0
29,62,0.0
30,62,0.0
31,62,0.0
32,62,0.0
33,62,0.0
34,62,0.0
35,62,0.0
36,62,0.0
37,62,0.0
38,62,0.0
39,62,0.0
40,62,0.0
41,62,0.0
42,62,0.0
43,62,0.0
44,62,0.0
45,62,0.0
46,62,0.0
47,62,0.0
48,62,0.0
49,62,0.0
50,62,0.0
51,62,0.0
52,62,0.0
53,62,0.0
54,62,0.0
55,62,0.0
56,62,0.0
57,62,0.0
58,62,0.0
59,62,0.0
60,62,0.0
61,62,0.0
62,62,0.0
63,62,0.0
64,62,0.0
65,62,0.0
66,62,0.0
67,62,0.0
68,62,0.0
69,62,0.0
70,62,0.0
71,62,0.0
72,62,0.0
73,62,0.0
74,62,0.0
0,64,0.0
1,64,0.0
2,64,0.0
3,64,1.0
4,64,0.0
5,64,1.0
6,64,0.0
7,64,1.0
8,64,1.0
9,64,0.0
10,64,0.0
11,64,0.0
12,64,0.0
13,64,0.0
14,64,0.0
15,64,0.0
16,64,0.0
17,64,0.0
18,64,1.0
19,64,0.0
20,64,0.0
21,64,1.0
22,64,0.0
23,64,1.0
24,64,0.0
25,64,1.0
26,64,0.0
27,64,0.0
28,64,0.0
29,64,0.0
30,64,1.0
31,64,0.0
32,64,0.0
33,64,0.0
34,64,1.0
35,64,0.0
36,64,0.0
37,64,0.0
38,64,0.0
39,64,0.0
40,64,0.0
41,64,0.0
42,64,0.0
43,64,1.0
44,64,0.0
45,64,0.0
46,64,0.0
47,64,0.0
48,64,0.0
49,64,1.0
50,64,0.0
51,64,0.0
52,64,0.0
53,64,1.0
54,64,0.0
55,64,0.0
56,64,0.0
57,64,1.0
58,64,1.0
59,64,0.0
60,64,0.0
61,64,0.0
62,64,0.0
63,64,1.0
64,64,1.0
65,64,0.0
66,64,1.0
67,64,0.0
68,64,1.0
69,64,0.0
70,64,1.0
71,64,1.0
72,64,0.0
73,64,0.0
74,64,0.0
0,69,0.0
1,69,0.0
2,69,0.0
3,69,0.0
4,69,0.0
5,69,0.0
6,69,0.0
7,69,0.0
8,69,0.0
9,69,0.0
10,69,0.0
11,69,0.0
12,69,0.0
13,69,0.0
14,69,0.0
15,69,0.0
16,69,0.0
17,69,0.0
18,69,0.0
19,69,0.0
20,69,0.0
21,69,0.0
22,69,0.0
23,69,0.0
24,69,0.0
25,69,0.0
26,69,0.0
27,69,0.0
28,69,0.0
29,69,0.0
30,69,0.0
31,69,0.0
32,69,0.0
33,69,0.0
34,69,0.0
35,69,0.0
36,69,0.0
37,69,0.0
38,69,0.0
39,69,0.0
40,69,0.0
41,69,0.0
42,69,0.0
43,69,0.0
44,69,0.0
45,69,0.0
46,69,0.0
47,69,1.0
48,69,0.0
49,69,0.0
50,69,0.0
51,69,0.0
52,69,0.0
53,69,0.0
54,69,0.0
55,69,0.0
56,69,0.0
57,69,0.0
58,69,0.0
59,69,0.0
60,69,0.0
61,69,0.0
62,69,0.0
63,69,0.0
64,69,0.0
65,69,0.0
66,69,0.0
67,69,0.0
68,69,0.0
69,69,0.0
70,69,0.0
71,69,0.0
72,69,0.0
73,69,0.0
74,69,0.0
0,74,0.0
1,74,1.0
2,74,0.0
3,74,0.0
4,74,0.0
5,74,0.0
6,74,1.0
7,74,0.0
8,74,0.0
9,74,1.0
10,74,0.0
11,74,0.0
12,74,0.0
13,74,0.0
14,74,0.0
15,74,1.0
16,74,0.0
17,74,0.0
18,74,0.0
19,74,0.0
20,74,0.0
21,74,0.0
22,74,0.0
23,74,0.0
24,74,0.0
25,74,0.0
26,74,0.0
27,74,1.0
28,74,0.0
29,74,0.0
30,74,0.0
31,74,1.0
32,74,0.0
33,74,0.0
34,74,1.0
35,74,1.0
36,74,0.0
37,74,1.0
38,74,0.0
39,74,0.0
40,74,1.0
41,74,0.0
42,74,0.0
43,74,0.0
44,74,0.0
45,74,0.0
46,74,0.0
47,74,0.0
48,74,0.0
49,74,0.0
50,74,0.0
51,74,1.0
52,74,0.0
53,74,0.0
54,74,0.0
55,74,0.0
56,74,0.0
57,74,0.0
58,74,0.0
59,74,0.0
60,74,0.0
61,74,0.0
62,74,1.0
63,74,0.0
64,74,1.0
65,74,0.0
66,74,0.0
67,74,0.0
68,74,0.0
69,74,0.0
70,74,0.0
71,74,1.0
72,74,0.0
73,74,0.0
74,74,0.0
0,75,0.0
1,75,0.0
2,75,0.0
3,75,0.0
4,75,0.0
5,75,1.0
6,75,0.0
7,75,0.0
8,75,0.0
9,75,0.0
10,75,0.0
11,75,0.0
12,75,0.0
13,75,0.0
14,75,0.0
15,75,0.0
16,75,0.0
17,75,0.0
18,75,0.0
19,75,0.0
20,75,0.0
21,75,0.0
22,75,0.0
23,75,0.0
24,75,0.0
25,75,0.0
26,75,1.0
27,75,0.0
28,75,0.0
29,75,0.0
30,75,0.0
31,75,0.0
32,75,0.0
33,75,0.0
34,75,0.0
35,75,0.0
36,75,0.0
37,75,0.0
38,75,0.0
39,75,0.0
40,75,0.0
41,75,0.0
42,75,0.0
43,75,0.0
44,75,0.0
45,75,0.0
46,75,0.0
47,75,0.0
48,75,0.0
49,75,0.0
50,75,0.0
51,75,0.0
52,75,0.0
53,75,0.0
54,75,0.0
55,75,0.0
56,75,0.0
57,75,0.0
58,75,0.0
59,75,0.0
60,75,1.0
61,75,0.0
62,75,0.0
63,75,0.0
64,75,0.0
65,75,0.0
66,75,0.0
67,75,0.0
68,75,0.0
69,75,0.0
70,75,0.0
71,75,0.0
72,75,0.0
73,75,0.0
74,75,0.0
0,78,0.0
1,78,1.0
2,78,0.0
3,78,0.0
4,78,0.0
5,78,0.0
6,78,0.0
7,78,0.0
8,78,0.0
9,78,0.0
10,78,0.0
11,78,0.0
12,78,0.0
13,78,0.0
14,78,0.0
15,78,0.0
16,78,0.0
17,78,0.0
18,78,0.0
19,78,0.0
20,78,0.0
21,78,0.0
22,78,0.0
23,78,0.0
24,78,0.0
25,78,0.0
26,78,0.0
27,78,0.0
28,78,0.0
29,78,0.0
30,78,0.0
31,78,0.0
32,78,0.0
33,78,0.0
34,78,0.0
35,78,0.0
36,78,0.0
37,78,0.0
38,78,0.0
39,78,0.0
40,78,0.0
41,78,0.0
42,78,0.0
43,78,0.0
44,78,0.0
45,78,0.0
46,78,0.0
47,78,0.0
48,78,0.0
49,78,0.0
50,78,0.0
51,78,0.0
52,78,0.0
53,78,0.0
54,78,0.0
55,78,0.0
56,78,0.0
57,78,0.0
58,78,0.0
59,78,0.0
60,78,0.0
61,78,0.0
62,78,0.0
63,78,0.0
64,78,0.0
65,78,0.0
66,78,0.0
67,78,0.0
68,78,0.0
69,78,0.0
70,78,0.0
71,78,0.0
72,78,0.0
73,78,0.0
74,78,0.0
0,82,0.0
1,82,0.0
2,82,0.0
3,82,0.0
4,82,0.0
5,82,0.0
6,82,0.0
7,82,0.0
8,82,0.0
9,82,0.0
10,82,0.0
11,82,0.0
12,82,0.0
13,82,0.0
14,82,0.0
15,82,0.0
16,82,0.0
17,82,0.0
18,82,0.0
19,82,0.0
20,82,0.0
21,82,0.0
22,82,0.0
23,82,0.0
24,82,0.0
25,82,0.0
26,82,0.0
27,82,0.0
28,82,0.0
29,82,0.0
30,82,0.0
31,82,0.0
32,82,0.0
33,82,0.0
34,82,0.0
35,82,0.0
36,82,0.0
37,82,0.0
38,82,0.0
39,82,0.0
40,82,0.0
41,82,0.0
42,82,0.0
43,82,0.0
44,82,0.0
45,82,0.0
46,82,0.0
47,82,1.0
48,82,0.0
49,82,0.0
50,82,0.0
51,82,0.0
52,82,0.0
53,82,0.0
54,82,0.0
55,82,0.0
56,82,0.0
57,82,0.0
58,82,0.0
59,82,0.0
60,82,0.0
61,82,0.0
62,82,0.0
63,82,0.0
64,82,0.0
65,82,0.0
66,82,0.0
67,82,0.0
68,82,0.0
69,82,0.0
70,82,0.0
71,82,0.0
72,82,0.0
73,82,0.0
74,82,0.0
0,85,0.0
1,85,0.0
2,85,0.0
3,85,0.0
4,85,0.0
5,85,0.0
6,85,0.0
7,85,0.0
8,85,0.0
9,85,0.0
10,85,0.0
11,85,0.0
12,85,0.0
13,85,0.0
14,85,0.0
15,85,0.0
16,85,0.0
17,85,0.0
18,85,0.0
19,85,0.0
20,85,0.0
21,85,0.0
22,85,0.0
23,85,0.0
24,85,0.0
25,85,0.0
26,85,0.0
27,85,0.0
28,85,1.0
29,85,0.0
30,85,0.0
31,85,0.0
32,85,0.0
33,85,0.0
34,85,0.0
35,85,0.0
36,85,0.0
37,85,0.0
38,85,0.0
39,85,0.0
40,85,0.0
41,85,0.0
42,85,0.0
43,85,0.0
44,85,0.0
45,85,0.0
46,85,0.0
47,85,0.0
48,85,0.0
49,85,0.0
50,85,0.0
51,85,0.0
52,85,0.0
53,85,0.0
54,85,0.0
55,85,0.0
56,85,0.0
57,85,0.0
58,85,0.0
59,85,0.0
60,85,0.0
61,85,0.0
62,85,0.0
63,85,0.0
64,85,0.0
65,85,0.0
66,85,0.0
67,85,0.0
68,85,0.0
69,85,0.0
70,85,0.0
71,85,0.0
72,85,0.0
73,85,0.0
74,85,0.0
0,89,0.0
1,89,1.0
2,89,0.0
3,89,0.0
4,89,0.0
5,89,0.0
6,89,0.0
7,89,0.0
8,89,0.0
9,89,0.0
10,89,0.0
11,89,0.0
12,89,0.0
13,89,0.0
14,89,0.0
15,89,0.0
16,89,0.0
17,89,0.0
18,89,0.0
19,89,0.0
20,89,0.0
21,89,0.0
22,89,0.0
23,89,0.0
24,89,0.0
25,89,0.0
26,89,0.0
27,89,0.0
28,89,0.0
29,89,0.0
30,89,0.0
31,89,0.0
32,89,0.0
33,89,0.0
34,89,0.0
35,89,0.0
36,89,0.0
37,89,0.0
38,89,0.0
39,89,0.0
40,89,0.0
41,89,0.0
42,89,0.0
43,89,0.0
44,89,0.0
45,89,0.0
46,89,0.0
47,89,0.0
48,89,0.0
49,89,0.0
50,89,0.0
51,89,0.0
52,89,0.0
53,89,0.0
54,89,0.0
55,89,0.0
56,89,0.0
57,89,0.0
58,89,0.0
59,89,0.0
60,89,0.0
61,89,0.0
62,89,0.0
63,89,0.0
64,89,0.0
65,89,0.0
66,89,0.0
67,89,0.0
68,89,0.0
69,89,0.0
70,89,0.0
71,89,0.0
72,89,0.0
73,89,0.0
74,89,0.0
0,91,0.0
1,91,0.0
2,91,1.0
3,91,0.0
4,91,0.0
5,91,0.0
6,91,0.0
7,91,0.0
8,91,0.0
9,91,0.0
10,91,0.0
11,91,0.0
12,91,0.0
13,91,0.0
14,91,0.0
15,91,0.0
16,91,0.0
17,91,0.0
18,91,0.0
19,91,0.0
20,91,0.0
21,91,0.0
22,91,0.0
23,91,0.0
24,91,0.0
25,91,0.0
26,91,0.0
27,91,0.0
28,91,0.0
29,91,0.0
30,91,0.0
31,91,0.0
32,91,0.0
33,91,0.0
34,91,0.0
35,91,0.0
36,91,0.0
37,91,0.0
38,91,0.0
39,91,0.0
40,91,0.0
41,91,0.0
42,91,0.0
43,91,0.0
44,91,0.0
45,91,0.0
46,91,0.0
47,91,0.0
48,91,0.0
49,91,0.0
50,91,0.0
51,91,0.0
52,91,0.0
53,91,0.0
54,91,0.0
55,91,0.0
56,91,0.0
57,91,0.0
58,91,0.0
59,91,0.0
60,91,0.0
61,91,0.0
62,91,0.0
63,91,0.0
64,91,0.0
65,91,0.0
66,91,0.0
67,91,0.0
68,91,0.0
69,91,0.0
70,91,0.0
71,91,0.0
72,91,0.0
73,91,0.0
74,91,0.0
0,97,0.0
1,97,0.0
2,97,0.0
3,97,0.0
4,97,0.0
5,97,0.0
6,97,0.0
7,97,0.0
8,97,0.0
9,97,0.0
10,97,0.0
11,97,0.0
12,97,0.0
13,97,0.0
14,97,0.0
15,97,0.0
16,97,0.0
17,97,1.0
18,97,0.0
19,97,0.0
20,97,0.0
21,97,0.0
22,97,0.0
23,97,0.0
24,97,0.0
25,97,0.0
26,97,0.0
27,97,0.0
28,97,0.0
29,97,0.0
30,97,0.0
31,97,0.0
32,97,0.0
33,97,0.0
34,97,0.0
35,97,0.0
36,97,0.0
37,97,0.0
38,97,0.0
39,97,0.0
40,97,0.0
41,97,0.0
42,97,0.0
43,97,0.0
44,97,0.0
45,97,0.0
46,97,0.0
47,97,0.0
48,97,0.0
49,97,0.0
50,97,0.0
51,97,0.0
52,97,0.0
53,97,0.0
54,97,0.0
55,97,0.0
56,97,0.0
57,97,0.0
58,97,0.0
59,97,0.0
60,97,0.0
61,97,0.0
62,97,0.0
63,97,0.0
64,97,0.0
65,97,0.0
66,97,0.0
67,97,0.0
68,97,0.0
69,97,0.0
70,97,0.0
71,97,0.0
72,97,0.0
73,97,0.0
74,97,0.0
0,98,0.0
1,98,0.0
2,98,0.0
3,98,0.0
4,98,0.0
5,98,0.0
6,98,0.0
7,98,0.0
8,98,0.0
9,98,0.0
10,98,0.0
11,98,0.0
12,98,0.0
13,98,0.0
14,98,0.0
15,98,0.0
16,98,0.0
17,98,0.0
18,98,0.0
19,98,0.0
20,98,0.0
21,98,0.0
22,98,0.0
23,98,0.0
24,98,0.0
25,98,0.0
26,98,0.0
27,98,0.0
28,98,0.0
29,98,0.0
30,98,0.0
31,98,0.0
32,98,0.0
33,98,1.0
34,98,0.0
35,98,0.0
36,98,0.0
37,98,0.0
38,98,0.0
39,98,0.0
40,98,0.0
41,98,0.0
42,98,0.0
43,98,0.0
44,98,0.0
45,98,0.0
46,98,0.0
47,98,0.0
48,98,0.0
49,98,0.0
50,98,0.0
51,98,0.0
52,98,0.0
53,98,0.0
54,98,0.0
55,98,0.0
56,98,0.0
57,98,0.0
58,98,0.0
59,98,0.0
60,98,0.0
61,98,0.0
62,98,0.0
63,98,0.0
64,98,0.0
65,98,0.0
66,98,0.0
67,98,0.0
68,98,0.0
69,98,0.0
70,98,0.0
71,98,0.0
72,98,0.0
73,98,0.0
74,98,0.0
0,99,0.0
1,99,0.0
2,99,0.0
3,99,1.0
4,99,0.0
5,99,0.0
6,99,0.0
7,99,0.0
8,99,0.0
9,99,0.0
10,99,0.0
11,99,1.0
12,99,0.0
13,99,1.0
14,99,0.0
15,99,1.0
16,99,0.0
17,99,0.0
18,99,0.0
19,99,0.0
20,99,0.0
21,99,0.0
22,99,1.0
23,99,0.0
24,99,0.0
25,99,1.0
26,99,0.0
27,99,1.0
28,99,0.0
29,99,0.0
30,99,0.0
31,99,1.0
32,99,0.0
33,99,0.0
34,99,1.0
35,99,0.0
36,99,1.0
37,99,0.0
38,99,0.0
39,99,0.0
40,99,0.0
41,99,1.0
42,99,1.0
43,99,0.0
44,99,0.0
45,99,0.0
46,99,0.0
47,99,1.0
48,99,0.0
49,99,1.0
50,99,0.0
51,99,0.0
52,99,0.0
53,99,0.0
54,99,1.0
55,99,0.0
56,99,0.0
57,99,1.0
58,99,0.0
59,99,0.0
60,99,1.0
61,99,0.0
62,99,0.0
63,99,0.0
64,99,0.0
65,99,1.0
66,99,0.0
67,99,0.0
68,99,0.0
69,99,1.0
70,99,0.0
71,99,0.0
72,99,0.0
73,99,0.0
74,99,1.0
0,102,0.0
1,102,0.0
2,102,0.0
3,102,0.0
4,102,0.0
5,102,0.0
6,102,0.0
7,102,0.0
8,102,0.0
9,102,0.0
10,102,0.0
11,102,0.0
12,102,0.0
13,102,0.0
14,102,0.0
15,102,0.0
16,102,0.0
17,102,0.0
18,102,0.0
19,102,0.0
20,102,0.0
21,102,0.0
22,102,0.0
23,102,0.0
24,102,0.0
25,102,0.0
26,102,0.0
27,102,0.0
28,102,0.0
29,102,0.0
30,102,0.0
31,102,0.0
32,102,0.0
33,102,0.0
34,102,0.0
35,102,0.0
36,102,0.0
37,102,0.0
38,102,0.0
39,102,0.0
40,102,0.0
41,102,0.0
42,102,0.0
43,102,0.0
44,102,0.0
45,102,0.0
46,102,0.0
47,102,0.0
48,102,0.0
49,102,0.0
50,102,0.0
51,102,0.0
52,102,0.0
53,102,0.0
54,102,0.0
55,102,0.0
56,102,1.0
57,102,0.0
58,102,0.0
59,102,0.0
60,102,0.0
61,102,0.0
62,102,0.0
63,102,0.0
64,102,0.0
65,102,0.0
66,102,0.0
67,102,0.0
68,102,0.0
69,102,0.0
70,102,0.0
71,102,0.0
72,102,0.0
73,102,0.0
74,102,0.0
0,115,1.0
1,115,0.0
2,115,0.0
3,115,0.0
4,115,0.0
5,115,0.0
6,115,0.0
7,115,0.0
8,115,0.0
9,115,0.0
10,115,0.0
11,115,0.0
12,115,0.0
13,115,0.0
14,115,0.0
15,115,0.0
16,115,0.0
17,115,0.0
18,115,0.0
19,115,0.0
20,115,0.0
21,115,0.0
22,115,0.0
23,115,0.0
24,115,0.0
25,115,0.0
26,115,0.0
27,115,0.0
28,115,0.0
29,115,0.0
30,115,0.0
31,115,0.0
32,115,0.0
33,115,0.0
34,115,0.0
35,115,0.0
36,115,0.0
37,115,0.0
38,115,0.0
39,115,0.0
40,115,0.0
41,115,0.0
42,115,0.0
43,115,0.0
44,115,0.0
45,115,0.0
46,115,0.0
47,115,0.0
48,115,0.0
49,115,0.0
50,115,0.0
51,115,0.0
52,115,0.0
53,115,0.0
54,115,0.0
55,115,0.0
56,115,1.0
57,115,0.0
58,115,0.0
59,115,0.0
60,115,0.0
61,115,0.0
62,115,0.0
63,115,0.0
64,115,0.0
65,115,0.0
66,115,0.0
67,115,0.0
68,115,0.0
69,115,0.0
70,115,0.0
71,115,0.0
72,115,0.0
73,115,0.0
74,115,0.0
0,120,0.0
1,120,0.0
2,120,0.0
3,120,0.0
4,120,0.0
5,120,0.0
6,120,0.0
7,120,0.0
8,120,0.0
9,120,0.0
10,120,0.0
11,120,0.0
12,120,0.0
13,120,0.0
14,120,1.0
15,120,0.0
16,120,0.0
17,120,0.0
18,120,0.0
19,120,0.0
20,120,0.0
21,120,0.0
22,120,0.0
23,120,0.0
24,120,0.0
25,120,0.0
26,120,0.0
27,120,0.0
28,120,0.0
29,120,0.0
30,120,0.0
31,120,0.0
32,120,0.0
33,120,0.0
34,120,0.0
35,120,0.0
36,120,0.0
37,120,0.0
38,120,0.0
39,120,0.0
40,120,0.0
41,120,0.0
42,120,0.0
43,120,0.0
44,120,1.0
45,120,0.0
46,120,0.0
47,120,0.0
48,120,0.0
49,120,0.0
50,120,0.0
51,120,0.0
52,120,0.0
53,120,0.0
54,120,0.0
55,120,0.0
56,120,0.0
57,120,0.0
58,120,0.0
59,120,0.0
60,120,0.0
61,120,0.0
62,120,0.0
63,120,0.0
64,120,0.0
65,120,0.0
66,120,0.0
67,120,0.0
68,120,0.0
69,120,0.0
70,120,0.0
71,120,0.0
72,120,0.0
73,120,0.0
74,120,0.0
0,123,0.0
1,123,0.0
2,123,0.0
3,123,0.0
4,123,0.0
5,123,0.0
6,123,0.0
7,123,0.0
8,123,0.0
9,123,0.0
10,123,0.0
11,123,0.0
12,123,0.0
13,123,0.0
14,123,0.0
15,123,0.0
16,123,0.0
17,123,0.0
18,123,0.0
19,123,0.0
20,123,0.0
21,123,0.0
22,123,0.0
23,123,0.0
24,123,0.0
25,123,0.0
26,123,0.0
27,123,0.0
28,123,0.0
29,123,0.0
30,123,0.0
31,123,0.0
32,123,0.0
33,123,0.0
34,123,0.0
35,123,0.0
36,123,0.0
37,123,0.0
38,123,0.0
39,123,0.0
40,123,0.0
41,123,0.0
42,123,0.0
43,123,0.0
44,123,0.0
45,123,0.0
46,123,0.0
47,123,0.0
48,123,0.0
49,123,0.0
50,123,0.0
51,123,0.0
52,123,0.0
53,123,0.0
54,123,1.0
55,123,0.0
56,123,0.0
57,123,0.0
58,123,0.0
59,123,0.0
60,123,0.0
61,123,0.0
62,123,0.0
63,123,0.0
64,123,0.0
65,123,0.0
66,123,0.0
67,123,0.0
68,123,0.0
69,123,0.0
70,123,0.0
71,123,0.0
72,123,0.0
73,123,0.0
74,123,0.0
0,130,0.0
1,130,0.0
2,130,0.0
3,130,0.0
4,130,0.0
5,130,0.0
6,130,0.0
7,130,0.0
8,130,0.0
9,130,0.0
10,130,0.0
11,130,0.0
12,130,0.0
13,130,0.0
14,130,0.0
15,130,0.0
16,130,0.0
17,130,0.0
18,130,0.0
19,130,0.0
20,130,0.0
21,130,0.0
22,130,0.0
23,130,0.0
24,130,0.0
25,130,0.0
26,130,0.0
27,130,0.0
28,130,0.0
29,130,0.0
30,130,0.0
31,130,0.0
32,130,0.0
33,130,0.0
34,130,0.0
35,130,0.0
36,130,0.0
37,130,0.0
38,130,0.0
39,130,0.0
40,130,0.0
41,130,0.0
42,130,0.0
43,130,0.0
44,130,0.0
45,130,0.0
46,130,0.0
47,130,0.0
48,130,0.0
49,130,0.0
50,130,0.0
51,130,0.0
52,130,0.0
53,130,0.0
54,130,0.0
55,130,0.0
56,130,0.0
57,130,0.0
58,130,0.0
59,130,0.0
60,130,0.0
61,130,1.0
62,130,0.0
63,130,0.0
64,130,0.0
65,130,0.0
66,130,0.0
67,130,0.0
68,130,0.0
69,130,0.0
70,130,0.0
71,130,0.0
72,130,0.0
73,130,0.0
74,130,0.0
0,132,0.0
1,132,1.0
2,132,0.0
3,132,0.0
4,132,0.0
5,132,0.0
6,132,0.0
7,132,0.0
8,132,0.0
9,132,0.0
10,132,0.0
11,132,0.0
12,132,0.0
13,132,0.0
14,132,0.0
15,132,0.0
16,132,0.0
17,132,0.0
18,132,0.0
19,132,0.0
20,132,0.0
21,132,0.0
22,132,0.0
23,132,0.0
24,132,0.0
25,132,0.0
26,132,0.0
27,132,0.0
28,132,0.0
29,132,0.0
30,132,0.0
31,132,0.0
32,132,0.0
33,132,0.0
34,132,0.0
35,132,0.0
36,132,0.0
37,132,0.0
38,132,0.0
39,132,0.0
40,132,0.0
41,132,0.0
42,132,0.0
43,132,0.0
44,132,0.0
45,132,0.0
46,132,0.0
47,132,0.0
48,132,0.0
49,132,0.0
50,132,0.0
51,132,0.0
52,132,0.0
53,132,0.0
54,132,0.0
55,132,0.0
56,132,0.0
57,132,0.0
58,132,0.0
59,132,0.0
60,132,0.0
61,132,0.0
62,132,0.0
63,132,0.0
64,132,0.0
65,132,0.0
66,132,0.0
67,132,0.0
68,132,0.0
69,132,0.0
70,132,0.0
71,132,0.0
72,132,0.0
73,132,0.0
74,132,0.0
0,135,0.0
1,135,1.0
2,135,0.0
3,135,0.0
4,135,1.0
5,135,1.0
6,135,0.0
7,135,0.0
8,135,0.0
9,135,0.0
10,135,1.0
11,135,0.0
12,135,0.0
13,135,0.0
14,135,0.0
15,135,0.0
16,135,1.0
17,135,0.0
18,135,0.0
19,135,0.0
20,135,0.0
21,135,0.0
22,135,1.0
23,135,1.0
24,135,0.0
25,135,0.0
26,135,1.0
27,135,0.0
28,135,0.0
29,135,0.0
30,135,1.0
31,135,0.0
32,135,0.0
33,135,0.0
34,135,0.0
35,135,0.0
36,135,0.0
37,135,0.0
38,135,0.0
39,135,0.0
40,135,0.0
41,135,1.0
42,135,0.0
43,135,0.0
44,135,0.0
45,135,0.0
46,135,0.0
47,135,0.0
48,135,0.0
49,135,1.0
50,135,0.0
51,135,1.0
52,135,1.0
53,135,0.0
54,135,0.0
55,135,0.0
56,135,0.0
57,135,0.0
58,135,1.0
59,135,1.0
60,135,1.0
61,135,1.0
62,135,0.0
63,135,0.0
64,135,0.0
65,135,0.0
66,135,1.0
67,135,0.0
68,135,0.0
69,135,0.0
70,135,0.0
71,135,1.0
72,135,0.0
73,135,0.0
74,135,0.0
0,143,0.0
1,143,0.0
2,143,0.0
3,143,0.0
4,143,0.0
5,143,0.0
6,143,0.0
7,143,0.0
8,143,0.0
9,143,0.0
10,143,0.0
11,143,0.0
12,143,0.0
13,143,0.0
14,143,0.0
15,143,0.0
16,143,0.0
17,143,0.0
18,143,0.0
19,143,0.0
20,143,0.0
21,143,0.0
22,143,0.0
23,143,0.0
24,143,0.0
25,143,0.0
26,143,0.0
27,143,0.0
28,143,0.0
29,143,0.0
30,143,0.0
31,143,0.0
32,143,0.0
33,143,0.0
34,143,0.0
35,143,0.0
36,143,0.0
37,143,0.0
38,143,0.0
39,143,0.0
40,143,0.0
41,143,0.0
42,143,1.0
43,143,0.0
44,143,0.0
45,143,0.0
46,143,0.0
47,143,0.0
48,143,0.0
49,143,0.0
50,143,0.0
51,143,0.0
52,143,0.0
53,143,0.0
54,143,0.0
55,143,0.0
56,143,0.0
57,143,0.0
58,143,0.0
59,143,0.0
60,143,0.0
61,143,0.0
62,143,0.0
63,143,0.0
64,143,0.0
65,143,0.0
66,143,0.0
67,143,0.0
68,143,0.0
69,143,0.0
70,143,0.0
71,143,0.0
72,143,0.0
73,143,0.0
74,143,0.0
0,146,0.0
1,146,0.0
2,146,0.0
3,146,0.0
4,146,0.0
5,146,0.0
6,146,0.0
7,146,0.0
8,146,0.0
9,146,0.0
10,146,0.0
11,146,0.0
12,146,0.0
13,146,0.0
14,146,0.0
15,146,0.0
16,146,0.0
17,146,0.0
18,146,0.0
19,146,0.0
20,146,0.0
21,146,0.0
22,146,0.0
23,146,0.0
24,146,0.0
25,146,0.0
26,146,0.0
27,146,0.0
28,146,1.0
29,146,0.0
30,146,0.0
31,146,0.0
32,146,0.0
33,146,0.0
34,146,0.0
35,146,0.0
36,146,0.0
37,146,0.0
38,146,0.0
39,146,0.0
40,146,0.0
41,146,0.0
42,146,0.0
43,146,0.0
44,146,0.0
45,146,0.0
46,146,0.0
47,146,0.0
48,146,0.0
49,146,0.0
50,146,0.0
51,146,0.0
52,146,0.0
53,146,0.0
54,146,0.0
55,146,0.0
56,146,0.0
57,146,0.0
58,146,0.0
59,146,0.0
60,146,0.0
61,146,0.0
62,146,0.0
63,146,0.0
64,146,0.0
65,146,0.0
66,146,0.0
67,146,0.0
68,146,0.0
69,146,0.0
70,146,0.0
71,146,0.0
72,146,0.0
73,146,0.0
74,146,0.0
0,147,0.0
1,147,0.0
2,147,0.0
3,147,0.0
4,147,0.0
5,147,0.0
6,147,0.0
7,147,0.0
8,147,0.0
9,147,0.0
10,147,0.0
11,147,0.0
12,147,0.0
13,147,0.0
14,147,0.0
15,147,1.0
16,147,0.0
17,147,0.0
18,147,0.0
19,147,0.0
20,147,0.0
21,147,0.0
22,147,0.0
23,147,0.0
24,147,0.0
25,147,0.0
26,147,0.0
27,147,0.0
28,147,0.0
29,147,0.0
30,147,0.0
31,147,0.0
32,147,0.0
33,147,0.0
34,147,0.0
35,147,0.0
36,147,0.0
37,147,0.0
38,147,0.0
39,147,0.0
40,147,0.0
41,147,0.0
42,147,0.0
43,147,0.0
44,147,0.0
45,147,0.0
46,147,0.0
47,147,0.0
48,147,0.0
49,147,0.0
50,147,0.0
51,147,0.0
52,147,0.0
53,147,0.0
54,147,0.0
55,147,0.0
56,147,0.0
57,147,0.0
58,147,0.0
59,147,0.0
60,147,0.0
61,147,0.0
62,147,0.0
63,147,0.0
64,147,0.0
65,147,0.0
66,147,0.0
67,147,0.0
68,147,0.0
69,147,0.0
70,147,0.0
71,147,0.0
72,147,0.0
73,147,0.0
74,147,0.0
0,151,0.0
1,151,0.0
2,151,0.0
3,151,0.0
4,151,0.0
5,151,0.0
6,151,0.0
7,151,1.0
8,151,0.0
9,151,0.0
10,151,0.0
11,151,0.0
12,151,0.0
13,151,0.0
14,151,0.0
15,151,0.0
16,151,0.0
17,151,0.0
18,151,0.0
19,151,0.0
20,151,0.0
21,151,0.0
22,151,0.0
23,151,0.0
24,151,0.0
25,151,0.0
26,151,0.0
27,151,0.0
28,151,0.0
29,151,0.0
30,151,0.0
31,151,0.0
32,151,0.0
33,151,0.0
34,151,0.0
35,151,0.0
36,151,0.0
37,151,0.0
38,151,0.0
39,151,0.0
40,151,0.0
41,151,0.0
42,151,0.0
43,151,0.0
44,151,0.0
45,151,0.0
46,151,0.0
47,151,0.0
48,151,0.0
49,151,0.0
50,151,0.0
51,151,0.0
52,151,0.0
53,151,0.0
54,151,0.0
55,151,0.0
56,151,0.0
57,151,0.0
58,151,0.0
59,151,0.0
60,151,0.0
61,151,0.0
62,151,0.0
63,151,0.0
64,151,0.0
65,151,0.0
66,151,0.0
67,151,0.0
68,151,0.0
69,151,0.0
70,151,0.0
71,151,0.0
72,151,0.0
73,151,0.0
74,151,0.0
0,153,0.0
1,153,0.0
2,153,0.0
3,153,0.0
4,153,0.0
5,153,0.0
6,153,0.0
7,153,0.0
8,153,0.0
9,153,0.0
10,153,0.0
11,153,0.0
12,153,0.0
13,153,0.0
14,153,0.0
15,153,0.0
16,153,0.0
17,153,0.0
18,153,0.0
19,153,0.0
20,153,0.0
21,153,1.0
22,153,0.0
23,153,0.0
24,153,0.0
25,153,0.0
26,153,1.0
27,153,0.0
28,153,0.0
29,153,0.0
30,153,0.0
31,153,0.0
32,153,0.0
33,153,0.0
34,153,0.0
35,153,0.0
36,153,0.0
37,153,0.0
38,153,0.0
39,153,0.0
40,153,0.0
41,153,0.0
42,153,0.0
43,153,0.0
44,153,0.0
45,153,0.0
46,153,0.0
47,153,0.0
48,153,0.0
49,153,0.0
50,153,0.0
51,153,0.0
52,153,0.0
53,153,0.0
54,153,0.0
55,153,0.0
56,153,0.0
57,153,0.0
58,153,0.0
59,153,0.0
60,153,1.0
61,153,0.0
62,153,0.0
63,153,0.0
64,153,0.0
65,153,0.0
66,153,0.0
67,153,0.0
68,153,0.0
69,153,0.0
70,153,0.0
71,153,0.0
72,153,0.0
73,153,0.0
74,153,0.0
0,170,0.0
1,170,1.0
2,170,0.0
3,170,0.0
4,170,0.0
5,170,0.0
6,170,0.0
7,170,0.0
8,170,0.0
9,170,0.0
10,170,0.0
11,170,0.0
12,170,0.0
13,170,0.0
14,170,1.0
15,170,0.0
16,170,0.0
17,170,1.0
18,170,0.0
19,170,0.0
20,170,0.0
21,170,0.0
22,170,0.0
23,170,0.0
24,170,0.0
25,170,1.0
26,170,0.0
27,170,0.0
28,170,0.0
29,170,0.0
30,170,0.0
31,170,0.0
32,170,1.0
33,170,0.0
34,170,0.0
35,170,0.0
36,170,0.0
37,170,0.0
38,170,0.0
39,170,0.0
40,170,0.0
41,170,0.0
42,170,0.0
43,170,0.0
44,170,0.0
45,170,0.0
46,170,0.0
47,170,0.0
48,170,0.0
49,170,0.0
50,170,1.0
51,170,0.0
52,170,0.0
53,170,0.0
54,170,0.0
55,170,0.0
56,170,0.0
57,170,0.0
58,170,0.0
59,170,1.0
60,170,0.0
61,170,0.0
62,170,0.0
63,170,0.0
64,170,0.0
65,170,0.0
66,170,0.0
67,170,0.0
68,170,0.0
69,170,1.0
70,170,1.0
71,170,0.0
72,170,1.0
73,170,0.0
74,170,0.0
0,179,0.0
1,179,0.0
2,179,0.0
3,179,0.0
4,179,0.0
5,179,0.0
6,179,1.0
7,179,1.0
8,179,1.0
9,179,0.0
10,179,0.0
11,179,0.0
12,179,0.0
13,179,1.0
14,179,0.0
15,179,0.0
16,179,0.0
17,179,0.0
18,179,0.0
19,179,0.0
20,179,0.0
21,179,0.0
22,179,0.0
23,179,0.0
24,179,0.0
25,179,0.0
26,179,0.0
27,179,0.0
28,179,1.0
29,179,0.0
30,179,0.0
31,179,0.0
32,179,0.0
33,179,0.0
34,179,0.0
35,179,1.0
36,179,0.0
37,179,0.0
38,179,0.0
39,179,1.0
40,179,0.0
41,179,0.0
42,179,0.0
43,179,0.0
44,179,0.0
45,179,1.0
46,179,0.0
47,179,0.0
48,179,0.0
49,179,1.0
50,179,0.0
51,179,0.0
52,179,0.0
53,179,0.0
54,179,0.0
55,179,0.0
56,179,0.0
57,179,0.0
58,179,0.0
59,179,0.0
60,179,0.0
61,179,0.0
62,179,0.0
63,179,1.0
64,179,0.0
65,179,0.0
66,179,0.0
67,179,1.0
68,179,0.0
69,179,0.0
70,179,1.0
71,179,0.0
72,179,1.0
73,179,0.0
74,179,0.0
0,187,0.0
1,187,0.0
2,187,0.0
3,187,0.0
4,187,0.0
5,187,0.0
6,187,0.0
7,187,0.0
8,187,0.0
9,187,0.0
10,187,0.0
11,187,0.0
12,187,0.0
13,187,0.0
14,187,0.0
15,187,0.0
16,187,0.0
17,187,0.0
18,187,0.0
19,187,0.0
20,187,0.0
21,187,0.0
22,187,0.0
23,187,0.0
24,187,0.0
25,187,0.0
26,187,0.0
27,187,0.0
28,187,0.0
29,187,0.0
30,187,0.0
31,187,0.0
32,187,0.0
33,187,0.0
34,187,0.0
35,187,0.0
36,187,0.0
37,187,0.0
38,187,0.0
39,187,0.0
40,187,0.0
41,187,0.0
42,187,1.0
43,187,0.0
44,187,0.0
45,187,0.0
46,187,0.0
47,187,0.0
48,187,0.0
49,187,0.0
50,187,0.0
51,187,0.0
52,187,0.0
53,187,0.0
54,187,0.0
55,187,0.0
56,187,0.0
57,187,0.0
58,187,0.0
59,187,0.0
60,187,0.0
61,187,0.0
62,187,0.0
63,187,0.0
64,187,0.0
65,187,0.0
66,187,0.0
67,187,0.0
68,187,0.0
69,187,0.0
70,187,0.0
71,187,0.0
72,187,0.0
73,187,0.0
74,187,0.0
0,201,0.0
1,201,0.0
2,201,1.0
3,201,0.0
4,201,0.0
5,201,0.0
6,201,0.0
7,201,0.0
8,201,0.0
9,201,0.0
10,201,0.0
11,201,0.0
12,201,0.0
13,201,0.0
14,201,0.0
15,201,0.0
16,201,0.0
17,201,0.0
18,201,0.0
19,201,0.0
20,201,0.0
21,201,0.0
22,201,0.0
23,201,0.0
24,201,0.0
25,201,0.0
26,201,0.0
27,201,0.0
28,201,0.0
29,201,0.0
30,201,0.0
31,201,0.0
32,201,0.0
33,201,0.0
34,201,0.0
35,201,0.0
36,201,0.0
37,201,0.0
38,201,0.0
39,201,0.0
40,201,0.0
41,201,0.0
42,201,0.0
43,201,0.0
44,201,0.0
45,201,0.0
46,201,0.0
47,201,0.0
48,201,0.0
49,201,0.0
50,201,0.0
51,201,0.0
52,201,0.0
53,201,0.0
54,201,0.0
55,201,0.0
56,201,0.0
57,201,0.0
58,201,0.0
59,201,0.0
60,201,0.0
61,201,0.0
62,201,0.0
63,201,0.0
64,201,0.0
65,201,0.0
66,201,0.0
67,201,0.0
68,201,0.0
69,201,0.0
70,201,0.0
71,201,0.0
72,201,0.0
73,201,0.0
74,201,0.0
0,202,0.0
1,202,0.0
2,202,0.0
3,202,0.0
4,202,0.0
5,202,0.0
6,202,0.0
7,202,0.0
8,202,0.0
9,202,0.0
10,202,0.0
11,202,0.0
12,202,0.0
13,202,0.0
14,202,0.0
15,202,0.0
16,202,0.0
17,202,0.0
18,202,0.0
19,202,0.0
20,202,0.0
21,202,0.0
22,202,0.0
23,202,0.0
24,202,0.0
25,202,0.0
26,202,0.0
27,202,0.0
28,202,0.0
29,202,0.0
30,202,0.0
31,202,0.0
32,202,0.0
33,202,0.0
34,202,0.0
35,202,0.0
36,202,0.0
37,202,0.0
38,202,0.0
39,202,0.0
40,202,0.0
41,202,0.0
42,202,0.0
43,202,0.0
44,202,0.0
45,202,0.0
46,202,0.0
47,202,0.0
48,202,0.0
49,202,0.0
50,202,0.0
51,202,0.0
52,202,0.0
53,202,0.0
54,202,0.0
55,202,0.0
56,202,0.0
57,202,0.0
58,202,0.0
59,202,0.0
60,202,0.0
61,202,0.0
62,202,0.0
63,202,0.0
64,202,0.0
65,202,0.0
66,202,1.0
67,202,0.0
68,202,0.0
69,202,0.0
70,202,0.0
71,202,0.0
72,202,0.0
73,202,0.0
74,202,0.0
0,211,1.0
1,211,0.0
2,211,0.0
3,211,0.0
4,211,1.0
5,211,1.0
6,211,0.0
7,211,0.0
8,211,0.0
9,211,0.0
10,211,1.0
11,211,0.0
12,211,1.0
13,211,0.0
14,211,0.0
15,211,0.0
16,211,0.0
17,211,0.0
18,211,0.0
19,211,0.0
20,211,0.0
21,211,0.0
22,211,1.0
23,211,1.0
24,211,0.0
25,211,0.0
26,211,0.0
27,211,0.0
28,211,0.0
29,211,1.0
30,211,0.0
31,211,0.0
32,211,0.0
33,211,0.0
34,211,0.0
35,211,1.0
36,211,0.0
37,211,0.0
38,211,0.0
39,211,1.0
40,211,0.0
41,211,0.0
42,211,0.0
43,211,1.0
44,211,0.0
45,211,1.0
46,211,0.0
47,211,0.0
48,211,0.0
49,211,0.0
50,211,0.0
51,211,1.0
52,211,0.0
53,211,0.0
54,211,0.0
55,211,0.0
56,211,0.0
57,211,1.0
58,211,0.0
59,211,0.0
60,211,0.0
61,211,0.0
62,211,0.0
63,211,1.0
64,211,0.0
65,211,0.0
66,211,0.0
67,211,0.0
68,211,0.0
69,211,1.0
70,211,0.0
71,211,0.0
72,211,0.0
73,211,1.0
74,211,0.0
0,212,0.0
1,212,0.0
2,212,0.0
3,212,0.0
4,212,1.0
5,212,0.0
6,212,0.0
7,212,0.0
8,212,0.0
9,212,0.0
10,212,0.0
11,212,0.0
12,212,0.0
13,212,0.0
14,212,0.0
15,212,0.0
16,212,0.0
17,212,0.0
18,212,0.0
19,212,0.0
20,212,0.0
21,212,0.0
22,212,0.0
23,212,0.0
24,212,0.0
25,212,0.0
26,212,0.0
27,212,0.0
28,212,0.0
29,212,0.0
30,212,0.0
31,212,0.0
32,212,0.0
33,212,0.0
34,212,0.0
35,212,0.0
36,212,0.0
37,212,0.0
38,212,0.0
39,212,0.0
40,212,0.0
41,212,0.0
42,212,0.0
43,212,0.0
44,212,0.0
45,212,0.0
46,212,0.0
47,212,0.0
48,212,0.0
49,212,0.0
50,212,0.0
51,212,0.0
52,212,0.0
53,212,0.0
54,212,0.0
55,212,0.0
56,212,0.0
57,212,0.0
58,212,0.0
59,212,0.0
60,212,0.0
61,212,0.0
62,212,0.0
63,212,0.0
64,212,0.0
65,212,0.0
66,212,0.0
67,212,0.0
68,212,0.0
69,212,0.0
70,212,0.0
71,212,0.0
72,212,0.0
73,212,0.0
74,212,0.0
0,220,0.0
1,220,0.0
2,220,0.0
3,220,0.0
4,220,0.0
5,220,0.0
6,220,0.0
7,220,0.0
8,220,0.0
9,220,0.0
10,220,0.0
11,220,0.0
12,220,0.0
13,220,0.0
14,220,0.0
15,220,0.0
16,220,0.0
17,220,0.0
18,220,0.0
19,220,0.0
20,220,0.0
21,220,0.0
22,220,0.0
23,220,0.0
24,220,0.0
25,220,0.0
26,220,0.0
27,220,0.0
28,220,0.0
29,220,0.0
30,220,0.0
31,220,0.0
32,220,0.0
33,220,1.0
34,220,0.0
35,220,0.0
36,220,0.0
37,220,0.0
38,220,0.0
39,220,0.0
40,220,0.0
41,220,0.0
42,220,0.0
43,220,0.0
44,220,0.0
45,220,0.0
46,220,0.0
47,220,0.0
48,220,0.0
49,220,0.0
50,220,0.0
51,220,0.0
52,220,0.0
53,220,0.0
54,220,0.0
55,220,0.0
56,220,0.0
57,220,0.0
58,220,0.0
59,220,0.0
60,220,0.0
61,220,0.0
62,220,0.0
63,220,0.0
64,220,0.0
65,220,0.0
66,220,0.0
67,220,0.0
68,220,0.0
69,220,0.0
70,220,0.0
71,220,0.0
72,220,0.0
73,220,0.0
74,220,0.0
0,221,0.0
1,221,0.0
2,221,0.0
3,221,0.0
4,221,0.0
5,221,0.0
6,221,0.0
7,221,0.0
8,221,0.0
9,221,0.0
10,221,0.0
11,221,0.0
12,221,0.0
13,221,0.0
14,221,1.0
15,221,0.0
16,221,0.0
17,221,0.0
18,221,0.0
19,221,0.0
20,221,0.0
21,221,0.0
22,221,0.0
23,221,0.0
24,221,0.0
25,221,0.0
26,221,0.0
27,221,0.0
28,221,0.0
29,221,0.0
30,221,0.0
31,221,0.0
32,221,0.0
33,221,0.0
34,221,0.0
35,221,0.0
36,221,0.0
37,221,0.0
38,221,1.0
39,221,0.0
40,221,0.0
41,221,0.0
42,221,0.0
43,221,0.0
44,221,0.0
45,221,0.0
46,221,0.0
47,221,0.0
48,221,0.0
49,221,0.0
50,221,0.0
51,221,0.0
52,221,0.0
53,221,0.0
54,221,0.0
55,221,0.0
56,221,0.0
57,221,0.0
58,221,0.0
59,221,0.0
60,221,0.0
61,221,0.0
62,221,0.0
63,221,0.0
64,221,0.0
65,221,0.0
66,221,0.0
67,221,0.0
68,221,0.0
69,221,0.0
70,221,0.0
71,221,0.0
72,221,0.0
73,221,0.0
74,221,0.0
0,230,0.0
1,230,0.0
2,230,1.0
3,230,0.0
4,230,0.0
5,230,0.0
6,230,1.0
7,230,0.0
8,230,0.0
9,230,0.0
10,230,0.0
11,230,0.0
12,230,0.0
13,230,0.0
14,230,0.0
15,230,0.0
16,230,0.0
17,230,0.0
18,230,0.0
19,230,0.0
20,230,0.0
21,230,0.0
22,230,0.0
23,230,0.0
24,230,0.0
25,230,0.0
26,230,0.0
27,230,0.0
28,230,1.0
29,230,1.0
30,230,0.0
31,230,0.0
32,230,0.0
33,230,0.0
34,230,0.0
35,230,0.0
36,230,0.0
37,230,0.0
38,230,0.0
39,230,0.0
40,230,0.0
41,230,0.0
42,230,0.0
43,230,1.0
44,230,0.0
45,230,0.0
46,230,0.0
47,230,1.0
48,230,0.0
49,230,0.0
50,230,0.0
51,230,0.0
52,230,0.0
53,230,0.0
54,230,1.0
55,230,0.0
56,230,0.0
57,230,0.0
58,230,0.0
59,230,0.0
60,230,0.0
61,230,0.0
62,230,0.0
63,230,0.0
64,230,0.0
65,230,0.0
66,230,0.0
67,230,0.0
68,230,0.0
69,230,0.0
70,230,0.0
71,230,0.0
72,230,0.0
73,230,1.0
74,230,0.0
0,232,0.0
1,232,0.0
2,232,0.0
3,232,0.0
4,232,0.0
5,232,0.0
6,232,0.0
7,232,0.0
8,232,0.0
9,232,0.0
10,232,0.0
11,232,0.0
12,232,0.0
13,232,0.0
14,232,0.0
15,232,0.0
16,232,0.0
17,232,0.0
18,232,0.0
19,232,0.0
20,232,0.0
21,232,0.0
22,232,0.0
23,232,0.0
24,232,0.0
25,232,0.0
26,232,0.0
27,232,0.0
28,232,1.0
29,232,0.0
30,232,0.0
31,232,0.0
32,232,0.0
33,232,0.0
34,232,0.0
35,232,0.0
36,232,0.0
37,232,0.0
38,232,0.0
39,232,0.0
40,232,0.0
41,232,0.0
42,232,0.0
43,232,0.0
44,232,0.0
45,232,0.0
46,232,0.0
47,232,0.0
48,232,0.0
49,232,0.0
50,232,0.0
51,232,0.0
52,232,0.0
53,232,0.0
54,232,0.0
55,232,0.0
56,232,0.0
57,232,0.0
58,232,0.0
59,232,0.0
60,232,0.0
61,232,0.0
62,232,0.0
63,232,0.0
64,232,0.0
65,232,0.0
66,232,0.0
67,232,0.0
68,232,0.0
69,232,0.0
70,232,0.0
71,232,0.0
72,232,0.0
73,232,0.0
74,232,0.0
0,245,0.0
1,245,0.0
2,245,0.0
3,245,0.0
4,245,1.0
5,245,0.0
6,245,0.0
7,245,0.0
8,245,0.0
9,245,0.0
10,245,0.0
11,245,0.0
12,245,0.0
13,245,0.0
14,245,0.0
15,245,0.0
16,245,0.0
17,245,0.0
18,245,0.0
19,245,0.0
20,245,0.0
21,245,0.0
22,245,0.0
23,245,0.0
24,245,0.0
25,245,0.0
26,245,0.0
27,245,0.0
28,245,0.0
29,245,0.0
30,245,0.0
31,245,0.0
32,245,0.0
33,245,0.0
34,245,0.0
35,245,0.0
36,245,0.0
37,245,0.0
38,245,0.0
39,245,0.0
40,245,0.0
41,245,0.0
42,245,0.0
43,245,0.0
44,245,0.0
45,245,0.0
46,245,0.0
47,245,0.0
48,245,0.0
49,245,0.0
50,245,0.0
51,245,0.0
52,245,0.0
53,245,0.0
54,245,0.0
55,245,0.0
56,245,0.0
57,245,0.0
58,245,0.0
59,245,0.0
60,245,0.0
61,245,0.0
62,245,0.0
63,245,0.0
64,245,1.0
65,245,0.0
66,245,0.0
67,245,0.0
68,245,0.0
69,245,0.0
70,245,0.0
71,245,0.0
72,245,0.0
73,245,0.0
74,245,0.0
0,246,0.0
1,246,0.0
2,246,0.0
3,246,0.0
4,246,0.0
5,246,0.0
6,246,0.0
7,246,0.0
8,246,0.0
9,246,0.0
10,246,0.0
11,246,0.0
12,246,0.0
13,246,0.0
14,246,0.0
15,246,0.0
16,246,0.0
17,246,0.0
18,246,0.0
19,246,0.0
20,246,0.0
21,246,0.0
22,246,0.0
23,246,0.0
24,246,0.0
25,246,0.0
26,246,0.0
27,246,0.0
28,246,0.0
29,246,0.0
30,246,0.0
31,246,0.0
32,246,0.0
33,246,0.0
34,246,0.0
35,246,0.0
36,246,0.0
37,246,0.0
38,246,0.0
39,246,0.0
40,246,0.0
41,246,1.0
42,246,0.0
43,246,0.0
44,246,0.0
45,246,0.0
46,246,0.0
47,246,0.0
48,246,0.0
49,246,0.0
50,246,0.0
51,246,0.0
52,246,0.0
53,246,0.0
54,246,0.0
55,246,0.0
56,246,0.0
57,246,0.0
58,246,0.0
59,246,0.0
60,246,0.0
61,246,0.0
62,246,0.0
63,246,0.0
64,246,0.0
65,246,0.0
66,246,0.0
67,246,0.0
68,246,0.0
69,246,0.0
70,246,0.0
71,246,0.0
72,246,0.0
73,246,0.0
74,246,0.0
0,247,0.0
1,247,0.0
2,247,0.0
3,247,0.0
4,247,0.0
5,247,0.0
6,247,0.0
7,247,0.0
8,247,0.0
9,247,0.0
10,247,0.0
11,247,0.0
12,247,0.0
13,247,0.0
14,247,0.0
15,247,0.0
16,247,0.0
17,247,0.0
18,247,0.0
19,247,0.0
20,247,0.0
21,247,0.0
22,247,0.0
23,247,0.0
24,247,0.0
25,247,0.0
26,247,0.0
27,247,0.0
28,247,0.0
29,247,0.0
30,247,0.0
31,247,0.0
32,247,0.0
33,247,0.0
34,247,0.0
35,247,0.0
36,247,0.0
37,247,0.0
38,247,0.0
39,247,0.0
40,247,0.0
41,247,0.0
42,247,0.0
43,247,0.0
44,247,0.0
45,247,0.0
46,247,0.0
47,247,0.0
48,247,0.0
49,247,0.0
50,247,0.0
51,247,0.0
52,247,0.0
53,247,0.0
54,247,0.0
55,247,0.0
56,247,0.0
57,247,0.0
58,247,0.0
59,247,0.0
60,247,0.0
61,247,0.0
62,247,0.0
63,247,0.0
64,247,1.0
65,247,0.0
66,247,0.0
67,247,0.0
68,247,0.0
69,247,0.0
70,247,0.0
71,247,0.0
72,247,0.0
73,247,0.0
74,247,0.0
0,249,0.0
1,249,0.0
2,249,0.0
3,249,0.0
4,249,0.0
5,249,0.0
6,249,0.0
7,249,0.0
8,249,0.0
9,249,0.0
10,249,0.0
11,249,0.0
12,249,0.0
13,249,0.0
14,249,0.0
15,249,0.0
16,249,0.0
17,249,0.0
18,249,0.0
19,249,0.0
20,249,0.0
21,249,0.0
22,249,0.0
23,249,0.0
24,249,0.0
25,249,0.0
26,249,0.0
27,249,0.0
28,249,0.0
29,249,0.0
30,249,0.0
31,249,0.0
32,249,0.0
33,249,0.0
34,249,0.0
35,249,0.0
36,249,0.0
37,249,0.0
38,249,1.0
39,249,0.0
40,249,0.0
41,249,0.0
42,249,0.0
43,249,0.0
44,249,0.0
45,249,0.0
46,249,0.0
47,249,0.0
48,249,0.0
49,249,0.0
50,249,0.0
51,249,0.0
52,249,0.0
53,249,0.0
54,249,0.0
55,249,0.0
56,249,0.0
57,249,0.0
58,249,0.0
59,249,0.0
60,249,0.0
61,249,0.0
62,249,0.0
63,249,0.0
64,249,0.0
65,249,0.0
66,249,0.0
67,249,0.0
68,249,0.0
69,249,0.0
70,249,0.0
71,249,0.0
72,249,0.0
73,249,0.0
74,249,0.0
0,255,0.0
1,255,0.0
2,255,0.0
3,255,0.0
4,255,1.0
5,255,0.0
6,255,0.0
7,255,0.0
8,255,0.0
9,255,0.0
10,255,0.0
11,255,0.0
12,255,0.0
13,255,0.0
14,255,0.0
15,255,0.0
16,255,0.0
17,255,0.0
18,255,0.0
19,255,0.0
20,255,0.0
21,255,0.0
22,255,0.0
23,255,0.0
24,255,0.0
25,255,0.0
26,255,0.0
27,255,0.0
28,255,0.0
29,255,0.0
30,255,0.0
31,255,0.0
32,255,0.0
33,255,0.0
34,255,0.0
35,255,0.0
36,255,0.0
37,255,0.0
38,255,0.0
39,255,0.0
40,255,0.0
41,255,0.0
42,255,0.0
43,255,0.0
44,255,0.0
45,255,0.0
46,255,0.0
47,255,0.0
48,255,0.0
49,255,0.0
50,255,0.0
51,255,0.0
52,255,0.0
53,255,0.0
54,255,0.0
55,255,0.0
56,255,0.0
57,255,0.0
58,255,0.0
59,255,0.0
60,255,0.0
61,255,0.0
62,255,0.0
63,255,0.0
64,255,0.0
65,255,0.0
66,255,0.0
67,255,0.0
68,255,0.0
69,255,0.0
70,255,0.0
71,255,0.0
72,255,0.0
73,255,0.0
74,255,0.0
0,259,0.0
1,259,0.0
2,259,0.0
3,259,1.0
4,259,0.0
5,259,0.0
6,259,0.0
7,259,0.0
8,259,1.0
9,259,1.0
10,259,0.0
11,259,0.0
12,259,0.0
13,259,1.0
14,259,0.0
15,259,0.0
16,259,0.0
17,259,0.0
18,259,0.0
19,259,0.0
20,259,0.0
21,259,0.0
22,259,1.0
23,259,0.0
24,259,0.0
25,259,0.0
26,259,0.0
27,259,0.0
28,259,1.0
29,259,0.0
30,259,1.0
31,259,0.0
32,259,0.0
33,259,0.0
34,259,0.0
35,259,1.0
36,259,1.0
37,259,0.0
38,259,0.0
39,259,0.0
40,259,0.0
41,259,0.0
42,259,0.0
43,259,0.0
44,259,0.0
45,259,0.0
46,259,0.0
47,259,0.0
48,259,0.0
49,259,0.0
50,259,0.0
51,259,0.0
52,259,1.0
53,259,0.0
54,259,1.0
55,259,0.0
56,259,0.0
57,259,0.0
58,259,0.0
59,259,0.0
60,259,0.0
61,259,0.0
62,259,0.0
63,259,0.0
64,259,0.0
65,259,0.0
66,259,0.0
67,259,1.0
68,259,0.0
69,259,0.0
70,259,0.0
71,259,0.0
72,259,0.0
73,259,0.0
74,259,0.0
0,263,0.0
1,263,0.0
2,263,0.0
3,263,0.0
4,263,0.0
5,263,0.0
6,263,0.0
7,263,0.0
8,263,0.0
9,263,0.0
10,263,0.0
11,263,0.0
12,263,0.0
13,263,0.0
14,263,0.0
15,263,0.0
16,263,0.0
17,263,0.0
18,263,0.0
19,263,0.0
20,263,0.0
21,263,0.0
22,263,0.0
23,263,0.0
24,263,0.0
25,263,0.0
26,263,0.0
27,263,0.0
28,263,0.0
29,263,0.0
30,263,0.0
31,263,0.0
32,263,0.0
33,263,0.0
34,263,0.0
35,263,0.0
36,263,0.0
37,263,0.0
38,263,0.0
39,263,0.0
40,263,0.0
41,263,0.0
42,263,0.0
43,263,0.0
44,263,0.0
45,263,0.0
46,263,0.0
47,263,0.0
48,263,0.0
49,263,0.0
50,263,0.0
51,263,0.0
52,263,0.0
53,263,0.0
54,263,0.0
55,263,0.0
56,263,0.0
57,263,0.0
58,263,0.0
59,263,0.0
60,263,0.0
61,263,0.0
62,263,0.0
63,263,0.0
64,263,0.0
65,263,0.0
66,263,0.0
67,263,0.0
68,263,0.0
69,263,0.0
70,263,1.0
71,263,0.0
72,263,0.0
73,263,0.0
74,263,0.0
0,266,0.0
1,266,0.0
2,266,0.0
3,266,0.0
4,266,0.0
5,266,0.0
6,266,0.0
7,266,0.0
8,266,1.0
9,266,1.0
10,266,1.0
11,266,0.0
12,266,0.0
13,266,0.0
14,266,0.0
15,266,0.0
16,266,1.0
17,266,0.0
18,266,0.0
19,266,0.0
20,266,0.0
21,266,1.0
22,266,0.0
23,266,1.0
24,266,0.0
25,266,0.0
26,266,0.0
27,266,0.0
28,266,0.0
29,266,1.0
30,266,0.0
31,266,0.0
32,266,0.0
33,266,0.0
34,266,0.0
35,266,0.0
36,266,0.0
37,266,1.0
38,266,0.0
39,266,0.0
40,266,0.0
41,266,0.0
42,266,0.0
43,266,0.0
44,266,0.0
45,266,0.0
46,266,1.0
47,266,1.0
48,266,0.0
49,266,0.0
50,266,0.0
51,266,1.0
52,266,0.0
53,266,1.0
54,266,0.0
55,266,0.0
56,266,0.0
57,266,0.0
58,266,1.0
59,266,0.0
60,266,0.0
61,266,0.0
62,266,1.0
63,266,0.0
64,266,0.0
65,266,1.0
66,266,1.0
67,266,0.0
68,266,0.0
69,266,1.0
70,266,0.0
71,266,0.0
72,266,1.0
73,266,0.0
74,266,0.0
0,272,0.0
1,272,0.0
2,272,0.0
3,272,0.0
4,272,0.0
5,272,0.0
6,272,1.0
7,272,1.0
8,272,0.0
9,272,1.0
10,272,0.0
11,272,1.0
12,272,1.0
13,272,0.0
14,272,1.0
15,272,1.0
16,272,1.0
17,272,0.0
18,272,0.0
19,272,1.0
20,272,0.0
21,272,0.0
22,272,0.0
23,272,0.0
24,272,0.0
25,272,0.0
26,272,0.0
27,272,0.0
28,272,1.0
29,272,0.0
30,272,0.0
31,272,1.0
32,272,1.0
33,272,1.0
34,272,1.0
35,272,0.0
36,272,0.0
37,272,0.0
38,272,0.0
39,272,0.0
40,272,0.0
41,272,0.0
42,272,1.0
43,272,1.0
44,272,0.0
45,272,0.0
46,272,0.0
47,272,0.0
48,272,0.0
49,272,0.0
50,272,0.0
51,272,0.0
52,272,0.0
53,272,0.0
54,272,1.0
55,272,0.0
56,272,0.0
57,272,0.0
58,272,0.0
59,272,0.0
60,272,0.0
61,272,0.0
62,272,0.0
63,272,0.0
64,272,0.0
65,272,0.0
66,272,0.0
67,272,1.0
68,272,0.0
69,272,0.0
70,272,0.0
71,272,0.0
72,272,0.0
73,272,0.0
74,272,0.0
0,273,0.0
1,273,0.0
2,273,0.0
3,273,1.0
4,273,0.0
5,273,0.0
6,273,0.0
7,273,0.0
8,273,0.0
9,273,0.0
10,273,1.0
11,273,0.0
12,273,0.0
13,273,0.0
14,273,0.0
15,273,0.0
16,273,0.0
17,273,1.0
18,273,0.0
19,273,0.0
20,273,0.0
21,273,0.0
22,273,0.0
23,273,1.0
24,273,1.0
25,273,0.0
26,273,1.0
27,273,0.0
28,273,1.0
29,273,0.0
30,273,1.0
31,273,0.0
32,273,1.0
33,273,0.0
34,273,0.0
35,273,0.0
36,273,0.0
37,273,0.0
38,273,0.0
39,273,0.0
40,273,0.0
41,273,0.0
42,273,0.0
43,273,0.0
44,273,0.0
45,273,0.0
46,273,0.0
47,273,0.0
48,273,0.0
49,273,1.0
50,273,0.0
51,273,0.0
52,273,1.0
53,273,0.0
54,273,0.0
55,273,0.0
56,273,0.0
57,273,0.0
58,273,0.0
59,273,0.0
60,273,0.0
61,273,0.0
62,273,0.0
63,273,1.0
64,273,0.0
65,273,0.0
66,273,0.0
67,273,0.0
68,273,0.0
69,273,0.0
70,273,1.0
71,273,0.0
72,273,0.0
73,273,0.0
74,273,0.0
0,280,0.0
1,280,0.0
2,280,0.0
3,280,0.0
4,280,0.0
5,280,0.0
6,280,0.0
7,280,0.0
8,280,0.0
9,280,0.0
10,280,0.0
11,280,0.0
12,280,1.0
13,280,0.0
14,280,0.0
15,280,0.0
16,280,0.0
17,280,0.0
18,280,0.0
19,280,0.0
20,280,0.0
21,280,0.0
22,280,0.0
23,280,0.0
24,280,0.0
25,280,0.0
26,280,0.0
27,280,0.0
28,280,0.0
29,280,0.0
30,280,0.0
31,280,0.0
32,280,0.0
33,280,0.0
34,280,0.0
35,280,0.0
36,280,0.0
37,280,0.0
38,280,0.0
39,280,0.0
40,280,0.0
41,280,0.0
42,280,0.0
43,280,0.0
44,280,0.0
45,280,0.0
46,280,0.0
47,280,0.0
48,280,0.0
49,280,0.0
50,280,0.0
51,280,0.0
52,280,0.0
53,280,0.0
54,280,0.0
55,280,0.0
56,280,0.0
57,280,0.0
58,280,0.0
59,280,0.0
60,280,0.0
61,280,0.0
62,280,0.0
63,280,1.0
64,280,0.0
65,280,0.0
66,280,0.0
67,280,0.0
68,280,0.0
69,280,0.0
70,280,0.0
71,280,0.0
72,280,0.0
73,280,0.0
74,280,0.0
0,284,0.0
1,284,0.0
2,284,0.0
3,284,0.0
4,284,0.0
5,284,0.0
6,284,0.0
7,284,0.0
8,284,0.0
9,284,0.0
10,284,0.0
11,284,0.0
12,284,0.0
13,284,0.0
14,284,0.0
15,284,0.0
16,284,1.0
17,284,0.0
18,284,0.0
19,284,0.0
20,284,0.0
21,284,0.0
22,284,0.0
23,284,0.0
24,284,0.0
25,284,0.0
26,284,0.0
27,284,0.0
28,284,0.0
29,284,0.0
30,284,0.0
31,284,0.0
32,284,0.0
33,284,0.0
34,284,0.0
35,284,0.0
36,284,0.0
37,284,0.0
38,284,0.0
39,284,0.0
40,284,0.0
41,284,0.0
42,284,0.0
43,284,0.0
44,284,0.0
45,284,0.0
46,284,0.0
47,284,0.0
48,284,0.0
49,284,0.0
50,284,0.0
51,284,0.0
52,284,0.0
53,284,0.0
54,284,0.0
55,284,0.0
56,284,0.0
57,284,0.0
58,284,0.0
59,284,0.0
60,284,0.0
61,284,0.0
62,284,0.0
63,284,0.0
64,284,0.0
65,284,0.0
66,284,0.0
67,284,0.0
68,284,0.0
69,284,0.0
70,284,0.0
71,284,0.0
72,284,0.0
73,284,0.0
74,284,0.0
0,285,0.0
1,285,0.0
2,285,0.0
3,285,0.0
4,285,0.0
5,285,0.0
6,285,0.0
7,285,0.0
8,285,0.0
9,285,0.0
10,285,0.0
11,285,0.0
12,285,0.0
13,285,0.0
14,285,0.0
15,285,0.0
16,285,0.0
17,285,0.0
18,285,0.0
19,285,0.0
20,285,0.0
21,285,0.0
22,285,0.0
23,285,0.0
24,285,0.0
25,285,0.0
26,285,0.0
27,285,0.0
28,285,0.0
29,285,0.0
30,285,0.0
31,285,0.0
32,285,0.0
33,285,0.0
34,285,0.0
35,285,0.0
36,285,0.0
37,285,0.0
38,285,0.0
39,285,0.0
40,285,0.0
41,285,0.0
42,285,0.0
43,285,0.0
44,285,0.0
45,285,0.0
46,285,0.0
47,285,0.0
48,285,0.0
49,285,0.0
50,285,0.0
51,285,0.0
52,285,0.0
53,285,0.0
54,285,0.0
55,285,0.0
56,285,0.0
57,285,0.0
58,285,0.0
59,285,0.0
60,285,0.0
61,285,0.0
62,285,0.0
63,285,0.0
64,285,0.0
65,285,0.0
66,285,0.0
67,285,0.0
68,285,1.0
69,285,0.0
70,285,0.0
71,285,0.0
72,285,0.0
73,285,0.0
74,285,0.0
0,293,0.0
1,293,0.0
2,293,0.0
3,293,0.0
4,293,0.0
5,293,0.0
6,293,0.0
7,293,0.0
8,293,1.0
9,293,0.0
10,293,0.0
11,293,0.0
12,293,0.0
13,293,0.0
14,293,0.0
15,293,0.0
16,293,0.0
17,293,0.0
18,293,0.0
19,293,0.0
20,293,0.0
21,293,0.0
22,293,0.0
23,293,0.0
24,293,0.0
25,293,0.0
26,293,0.0
27,293,0.0
28,293,0.0
29,293,0.0
30,293,0.0
31,293,0.0
32,293,0.0
33,293,0.0
34,293,0.0
35,293,0.0
36,293,0.0
37,293,0.0
38,293,0.0
39,293,0.0
40,293,0.0
41,293,0.0
42,293,0.0
43,293,0.0
44,293,0.0
45,293,0.0
46,293,0.0
47,293,0.0
48,293,0.0
49,293,1.0
50,293,0.0
51,293,0.0
52,293,0.0
53,293,0.0
54,293,0.0
55,293,0.0
56,293,0.0
57,293,0.0
58,293,0.0
59,293,0.0
60,293,0.0
61,293,0.0
62,293,0.0
63,293,0.0
64,293,0.0
65,293,1.0
66,293,0.0
67,293,0.0
68,293,0.0
69,293,0.0
70,293,0.0
71,293,0.0
72,293,0.0
73,293,0.0
74,293,0.0
0,307,0.0
1,307,0.0
2,307,0.0
3,307,0.0
4,307,0.0
5,307,0.0
6,307,0.0
7,307,0.0
8,307,0.0
9,307,0.0
10,307,0.0
11,307,0.0
12,307,0.0
13,307,0.0
14,307,0.0
15,307,0.0
16,307,0.0
17,307,0.0
18,307,0.0
19,307,0.0
20,307,0.0
21,307,0.0
22,307,0.0
23,307,0.0
24,307,0.0
25,307,0.0
26,307,0.0
27,307,0.0
28,307,0.0
29,307,0.0
30,307,0.0
31,307,0.0
32,307,0.0
33,307,0.0
34,307,0.0
35,307,0.0
36,307,0.0
37,307,0.0
38,307,1.0
39,307,0.0
40,307,0.0
41,307,0.0
42,307,0.0
43,307,0.0
44,307,0.0
45,307,0.0
46,307,0.0
47,307,0.0
48,307,0.0
49,307,0.0
50,307,0.0
51,307,0.0
52,307,0.0
53,307,0.0
54,307,0.0
55,307,0.0
56,307,0.0
57,307,0.0
58,307,0.0
59,307,0.0
60,307,0.0
61,307,0.0
62,307,0.0
63,307,0.0
64,307,0.0
65,307,0.0
66,307,0.0
67,307,0.0
68,307,0.0
69,307,0.0
70,307,0.0
71,307,0.0
72,307,0.0
73,307,0.0
74,307,0.0
0,308,0.0
1,308,0.0
2,308,0.0
3,308,0.0
4,308,0.0
5,308,0.0
6,308,0.0
7,308,0.0
8,308,0.0
9,308,0.0
10,308,0.0
11,308,0.0
12,308,0.0
13,308,0.0
14,308,1.0
15,308,0.0
16,308,0.0
17,308,0.0
18,308,0.0
19,308,0.0
20,308,0.0
21,308,0.0
22,308,0.0
23,308,0.0
24,308,0.0
25,308,0.0
26,308,0.0
27,308,0.0
28,308,0.0
29,308,0.0
30,308,0.0
31,308,0.0
32,308,0.0
33,308,0.0
34,308,0.0
35,308,0.0
36,308,0.0
37,308,0.0
38,308,0.0
39,308,0.0
40,308,0.0
41,308,0.0
42,308,0.0
43,308,0.0
44,308,0.0
45,308,0.0
46,308,0.0
47,308,0.0
48,308,0.0
49,308,0.0
50,308,0.0
51,308,0.0
52,308,0.0
53,308,0.0
54,308,0.0
55,308,0.0
56,308,0.0
57,308,0.0
58,308,0.0
59,308,0.0
60,308,0.0
61,308,0.0
62,308,0.0
63,308,0.0
64,308,0.0
65,308,0.0
66,308,0.0
67,308,0.0
68,308,0.0
69,308,0.0
70,308,0.0
71,308,0.0
72,308,0.0
73,308,0.0
74,308,0.0
0,309,0.0
1,309,1.0
2,309,0.0
3,309,0.0
4,309,0.0
5,309,0.0
6,309,1.0
7,309,0.0
8,309,0.0
9,309,0.0
10,309,0.0
11,309,0.0
12,309,0.0
13,309,1.0
14,309,0.0
15,309,0.0
16,309,0.0
17,309,0.0
18,309,0.0
19,309,1.0
20,309,0.0
21,309,0.0
22,309,0.0
23,309,0.0
24,309,0.0
25,309,0.0
26,309,0.0
27,309,0.0
28,309,1.0
29,309,0.0
30,309,0.0
31,309,1.0
32,309,0.0
33,309,0.0
34,309,0.0
35,309,0.0
36,309,0.0
37,309,0.0
38,309,1.0
39,309,0.0
40,309,1.0
41,309,0.0
42,309,0.0
43,309,0.0
44,309,0.0
45,309,0.0
46,309,0.0
47,309,0.0
48,309,0.0
49,309,1.0
50,309,0.0
51,309,0.0
52,309,0.0
53,309,0.0
54,309,0.0
55,309,0.0
56,309,0.0
57,309,1.0
58,309,0.0
59,309,0.0
60,309,1.0
61,309,0.0
62,309,0.0
63,309,0.0
64,309,0.0
65,309,0.0
66,309,1.0
67,309,0.0
68,309,0.0
69,309,0.0
70,309,0.0
71,309,0.0
72,309,0.0
73,309,0.0
74,309,0.0
0,312,0.0
1,312,0.0
2,312,0.0
3,312,0.0
4,312,0.0
5,312,0.0
6,312,0.0
7,312,0.0
8,312,0.0
9,312,0.0
10,312,0.0
11,312,0.0
12,312,0.0
13,312,0.0
14,312,0.0
15,312,0.0
16,312,0.0
17,312,0.0
18,312,0.0
19,312,0.0
20,312,0.0
21,312,0.0
22,312,0.0
23,312,0.0
24,312,0.0
25,312,0.0
26,312,0.0
27,312,0.0
28,312,1.0
29,312,0.0
30,312,0.0
31,312,0.0
32,312,0.0
33,312,0.0
34,312,0.0
35,312,0.0
36,312,0.0
37,312,0.0
38,312,0.0
39,312,0.0
40,312,0.0
41,312,0.0
42,312,0.0
43,312,0.0
44,312,0.0
45,312,0.0
46,312,0.0
47,312,0.0
48,312,0.0
49,312,0.0
50,312,0.0
51,312,0.0
52,312,0.0
53,312,0.0
54,312,0.0
55,312,0.0
56,312,0.0
57,312,0.0
58,312,0.0
59,312,0.0
60,312,0.0
61,312,0.0
62,312,0.0
63,312,0.0
64,312,0.0
65,312,0.0
66,312,0.0
67,312,0.0
68,312,0.0
69,312,0.0
70,312,0.0
71,312,0.0
72,312,0.0
73,312,0.0
74,312,0.0
0,317,0.0
1,317,0.0
2,317,0.0
3,317,0.0
4,317,0.0
5,317,0.0
6,317,0.0
7,317,0.0
8,317,0.0
9,317,0.0
10,317,0.0
11,317,0.0
12,317,0.0
13,317,0.0
14,317,0.0
15,317,0.0
16,317,0.0
17,317,0.0
18,317,0.0
19,317,0.0
20,317,0.0
21,317,0.0
22,317,0.0
23,317,0.0
24,317,0.0
25,317,0.0
26,317,0.0
27,317,0.0
28,317,0.0
29,317,0.0
30,317,0.0
31,317,0.0
32,317,0.0
33,317,0.0
34,317,0.0
35,317,0.0
36,317,0.0
37,317,0.0
38,317,0.0
39,317,0.0
40,317,0.0
41,317,0.0
42,317,0.0
43,317,0.0
44,317,0.0
45,317,0.0
46,317,0.0
47,317,0.0
48,317,0.0
49,317,0.0
50,317,0.0
51,317,0.0
52,317,0.0
53,317,0.0
54,317,0.0
55,317,0.0
56,317,0.0
57,317,0.0
58,317,0.0
59,317,1.0
60,317,0.0
61,317,0.0
62,317,0.0
63,317,0.0
64,317,0.0
65,317,0.0
66,317,0.0
67,317,0.0
68,317,0.0
69,317,0.0
70,317,0.0
71,317,0.0
72,317,0.0
73,317,0.0
74,317,0.0
0,318,1.0
1,318,0.0
2,318,1.0
3,318,0.0
4,318,0.0
5,318,0.0
6,318,0.0
7,318,0.0
8,318,0.0
9,318,0.0
10,318,0.0
11,318,1.0
12,318,0.0
13,318,0.0
14,318,0.0
15,318,0.0
16,318,0.0
17,318,0.0
18,318,0.0
19,318,1.0
20,318,0.0
21,318,0.0
22,318,1.0
23,318,0.0
24,318,0.0
25,318,0.0
26,318,0.0
27,318,0.0
28,318,0.0
29,318,0.0
30,318,1.0
31,318,0.0
32,318,0.0
33,318,0.0
34,318,0.0
35,318,1.0
36,318,0.0
37,318,1.0
38,318,1.0
39,318,0.0
40,318,0.0
41,318,0.0
42,318,0.0
43,318,0.0
44,318,0.0
45,318,0.0
46,318,0.0
47,318,0.0
48,318,0.0
49,318,0.0
50,318,0.0
51,318,0.0
52,318,0.0
53,318,0.0
54,318,0.0
55,318,0.0
56,318,0.0
57,318,0.0
58,318,1.0
59,318,0.0
60,318,0.0
61,318,1.0
62,318,0.0
63,318,0.0
64,318,0.0
65,318,1.0
66,318,0.0
67,318,0.0
68,318,0.0
69,318,0.0
70,318,0.0
71,318,0.0
72,318,0.0
73,318,1.0
74,318,0.0
0,319,0.0
1,319,0.0
2,319,0.0
3,319,0.0
4,319,0.0
5,319,0.0
6,319,0.0
7,319,0.0
8,319,0.0
9,319,0.0
10,319,0.0
11,319,1.0
12,319,0.0
13,319,1.0
14,319,0.0
15,319,0.0
16,319,0.0
17,319,0.0
18,319,0.0
19,319,0.0
20,319,0.0
21,319,0.0
22,319,0.0
23,319,0.0
24,319,0.0
25,319,0.0
26,319,0.0
27,319,0.0
28,319,0.0
29,319,0.0
30,319,0.0
31,319,0.0
32,319,0.0
33,319,0.0
34,319,0.0
35,319,0.0
36,319,0.0
37,319,0.0
38,319,0.0
39,319,0.0
40,319,0.0
41,319,0.0
42,319,0.0
43,319,0.0
44,319,0.0
45,319,1.0
46,319,0.0
47,319,0.0
48,319,0.0
49,319,0.0
50,319,0.0
51,319,0.0
52,319,0.0
53,319,0.0
54,319,0.0
55,319,0.0
56,319,0.0
57,319,0.0
58,319,0.0
59,319,0.0
60,319,0.0
61,319,0.0
62,319,0.0
63,319,0.0
64,319,0.0
65,319,0.0
66,319,0.0
67,319,1.0
68,319,0.0
69,319,0.0
70,319,0.0
71,319,0.0
72,319,0.0
73,319,0.0
74,319,0.0
0,327,0.0
1,327,0.0
2,327,0.0
3,327,0.0
4,327,0.0
5,327,0.0
6,327,0.0
7,327,0.0
8,327,0.0
9,327,0.0
10,327,0.0
11,327,0.0
12,327,0.0
13,327,0.0
14,327,0.0
15,327,0.0
16,327,0.0
17,327,0.0
18,327,0.0
19,327,0.0
20,327,0.0
21,327,0.0
22,327,0.0
23,327,0.0
24,327,0.0
25,327,0.0
26,327,0.0
27,327,0.0
28,327,0.0
29,327,0.0
30,327,0.0
31,327,0.0
32,327,0.0
33,327,0.0
34,327,0.0
35,327,0.0
36,327,0.0
37,327,0.0
38,327,0.0
39,327,0.0
40,327,0.0
41,327,0.0
42,327,0.0
43,327,0.0
44,327,0.0
45,327,0.0
46,327,0.0
47,327,0.0
48,327,0.0
49,327,0.0
50,327,0.0
51,327,0.0
52,327,0.0
53,327,0.0
54,327,1.0
55,327,0.0
56,327,0.0
57,327,0.0
58,327,0.0
59,327,0.0
60,327,0.0
61,327,0.0
62,327,0.0
63,327,0.0
64,327,0.0
65,327,0.0
66,327,0.0
67,327,0.0
68,327,0.0
69,327,0.0
70,327,0.0
71,327,0.0
72,327,0.0
73,327,0.0
74,327,0.0
0,329,0.0
1,329,0.0
2,329,0.0
3,329,0.0
4,329,0.0
5,329,0.0
6,329,0.0
7,329,0.0
8,329,0.0
9,329,0.0
10,329,1.0
11,329,0.0
12,329,0.0
13,329,0.0
14,329,0.0
15,329,0.0
16,329,0.0
17,329,0.0
18,329,0.0
19,329,1.0
20,329,0.0
21,329,0.0
22,329,1.0
23,329,0.0
24,329,0.0
25,329,0.0
26,329,1.0
27,329,0.0
28,329,0.0
29,329,0.0
30,329,0.0
31,329,1.0
32,329,0.0
33,329,1.0
34,329,0.0
35,329,0.0
36,329,1.0
37,329,0.0
38,329,0.0
39,329,0.0
40,329,0.0
41,329,0.0
42,329,0.0
43,329,1.0
44,329,0.0
45,329,1.0
46,329,0.0
47,329,0.0
48,329,0.0
49,329,0.0
50,329,0.0
51,329,0.0
52,329,0.0
53,329,1.0
54,329,0.0
55,329,1.0
56,329,0.0
57,329,0.0
58,329,1.0
59,329,0.0
60,329,0.0
61,329,0.0
62,329,0.0
63,329,0.0
64,329,0.0
65,329,1.0
66,329,0.0
67,329,0.0
68,329,0.0
69,329,0.0
70,329,0.0
71,329,1.0
72,329,0.0
73,329,0.0
74,329,0.0
0,333,0.0
1,333,0.0
2,333,0.0
3,333,0.0
4,333,0.0
5,333,0.0
6,333,0.0
7,333,0.0
8,333,0.0
9,333,0.0
10,333,0.0
11,333,0.0
12,333,0.0
13,333,0.0
14,333,0.0
15,333,0.0
16,333,0.0
17,333,0.0
18,333,0.0
19,333,0.0
20,333,0.0
21,333,0.0
22,333,0.0
23,333,0.0
24,333,0.0
25,333,0.0
26,333,0.0
27,333,0.0
28,333,0.0
29,333,0.0
30,333,0.0
31,333,0.0
32,333,0.0
33,333,0.0
34,333,0.0
35,333,0.0
36,333,0.0
37,333,0.0
38,333,0.0
39,333,0.0
40,333,0.0
41,333,0.0
42,333,0.0
43,333,0.0
44,333,0.0
45,333,0.0
46,333,0.0
47,333,0.0
48,333,0.0
49,333,0.0
50,333,0.0
51,333,0.0
52,333,1.0
53,333,0.0
54,333,0.0
55,333,0.0
56,333,0.0
57,333,0.0
58,333,0.0
59,333,0.0
60,333,0.0
61,333,0.0
62,333,0.0
63,333,0.0
64,333,0.0
65,333,0.0
66,333,0.0
67,333,0.0
68,333,0.0
69,333,0.0
70,333,0.0
71,333,0.0
72,333,0.0
73,333,0.0
74,333,0.0
0,336,0.0
1,336,0.0
2,336,0.0
3,336,0.0
4,336,0.0
5,336,0.0
6,336,0.0
7,336,0.0
8,336,0.0
9,336,0.0
10,336,0.0
11,336,0.0
12,336,0.0
13,336,0.0
14,336,0.0
15,336,0.0
16,336,0.0
17,336,0.0
18,336,0.0
19,336,0.0
20,336,0.0
21,336,0.0
22,336,0.0
23,336,0.0
24,336,0.0
25,336,0.0
26,336,0.0
27,336,0.0
28,336,0.0
29,336,0.0
30,336,0.0
31,336,0.0
32,336,0.0
33,336,1.0
34,336,0.0
35,336,0.0
36,336,0.0
37,336,0.0
38,336,0.0
39,336,0.0
40,336,0.0
41,336,0.0
42,336,0.0
43,336,0.0
44,336,0.0
45,336,0.0
46,336,0.0
47,336,0.0
48,336,0.0
49,336,0.0
50,336,0.0
51,336,0.0
52,336,0.0
53,336,0.0
54,336,0.0
55,336,0.0
56,336,0.0
57,336,0.0
58,336,0.0
59,336,0.0
60,336,0.0
61,336,0.0
62,336,0.0
63,336,0.0
64,336,0.0
65,336,0.0
66,336,0.0
67,336,0.0
68,336,0.0
69,336,0.0
70,336,0.0
71,336,0.0
72,336,0.0
73,336,0.0
74,336,0.0
0,338,0.0
1,338,0.0
2,338,0.0
3,338,0.0
4,338,0.0
5,338,0.0
6,338,0.0
7,338,0.0
8,338,0.0
9,338,0.0
10,338,0.0
11,338,0.0
12,338,0.0
13,338,0.0
14,338,0.0
15,338,0.0
16,338,0.0
17,338,0.0
18,338,0.0
19,338,0.0
20,338,0.0
21,338,0.0
22,338,0.0
23,338,0.0
24,338,0.0
25,338,0.0
26,338,0.0
27,338,0.0
28,338,0.0
29,338,0.0
30,338,0.0
31,338,0.0
32,338,0.0
33,338,0.0
34,338,0.0
35,338,0.0
36,338,0.0
37,338,0.0
38,338,0.0
39,338,0.0
40,338,0.0
41,338,0.0
42,338,0.0
43,338,0.0
44,338,0.0
45,338,0.0
46,338,0.0
47,338,0.0
48,338,0.0
49,338,0.0
50,338,0.0
51,338,0.0
52,338,0.0
53,338,0.0
54,338,0.0
55,338,1.0
56,338,0.0
57,338,0.0
58,338,0.0
59,338,0.0
60,338,0.0
61,338,0.0
62,338,0.0
63,338,0.0
64,338,0.0
65,338,0.0
66,338,0.0
67,338,0.0
68,338,0.0
69,338,0.0
70,338,0.0
71,338,0.0
72,338,0.0
73,338,0.0
74,338,0.0
0,341,0.0
1,341,0.0
2,341,0.0
3,341,0.0
4,341,0.0
5,341,0.0
6,341,0.0
7,341,0.0
8,341,0.0
9,341,0.0
10,341,0.0
11,341,0.0
12,341,0.0
13,341,0.0
14,341,0.0
15,341,0.0
16,341,0.0
17,341,0.0
18,341,0.0
19,341,0.0
20,341,0.0
21,341,0.0
22,341,0.0
23,341,0.0
24,341,0.0
25,341,0.0
26,341,0.0
27,341,0.0
28,341,1.0
29,341,0.0
30,341,0.0
31,341,0.0
32,341,0.0
33,341,0.0
34,341,0.0
35,341,0.0
36,341,0.0
37,341,0.0
38,341,0.0
39,341,0.0
40,341,0.0
41,341,0.0
42,341,0.0
43,341,0.0
44,341,0.0
45,341,0.0
46,341,0.0
47,341,0.0
48,341,0.0
49,341,0.0
50,341,0.0
51,341,0.0
52,341,0.0
53,341,0.0
54,341,0.0
55,341,0.0
56,341,0.0
57,341,0.0
58,341,0.0
59,341,0.0
60,341,0.0
61,341,0.0
62,341,0.0
63,341,0.0
64,341,0.0
65,341,0.0
66,341,0.0
67,341,0.0
68,341,0.0
69,341,0.0
70,341,0.0
71,341,0.0
72,341,0.0
73,341,0.0
74,341,0.0
0,347,0.0
1,347,1.0
2,347,0.0
3,347,0.0
4,347,1.0
5,347,0.0
6,347,1.0
7,347,0.0
8,347,0.0
9,347,0.0
10,347,0.0
11,347,0.0
12,347,0.0
13,347,1.0
14,347,1.0
15,347,0.0
16,347,0.0
17,347,0.0
18,347,0.0
19,347,0.0
20,347,0.0
21,347,0.0
22,347,0.0
23,347,1.0
24,347,0.0
25,347,0.0
26,347,0.0
27,347,0.0
28,347,0.0
29,347,0.0
30,347,0.0
31,347,0.0
32,347,0.0
33,347,0.0
34,347,1.0
35,347,0.0
36,347,0.0
37,347,1.0
38,347,0.0
39,347,0.0
40,347,0.0
41,347,0.0
42,347,0.0
43,347,0.0
44,347,0.0
45,347,0.0
46,347,0.0
47,347,1.0
48,347,1.0
49,347,0.0
50,347,0.0
51,347,0.0
52,347,1.0
53,347,1.0
54,347,0.0
55,347,0.0
56,347,0.0
57,347,0.0
58,347,0.0
59,347,0.0
60,347,0.0
61,347,0.0
62,347,0.0
63,347,0.0
64,347,0.0
65,347,0.0
66,347,0.0
67,347,0.0
68,347,1.0
69,347,0.0
70,347,0.0
71,347,0.0
72,347,0.0
73,347,0.0
74,347,0.0
0,352,0.0
1,352,0.0
2,352,0.0
3,352,0.0
4,352,0.0
5,352,0.0
6,352,0.0
7,352,0.0
8,352,0.0
9,352,0.0
10,352,0.0
11,352,0.0
12,352,0.0
13,352,0.0
14,352,0.0
15,352,0.0
16,352,0.0
17,352,0.0
18,352,0.0
19,352,0.0
20,352,0.0
21,352,0.0
22,352,0.0
23,352,0.0
24,352,0.0
25,352,0.0
26,352,0.0
27,352,0.0
28,352,0.0
29,352,0.0
30,352,0.0
31,352,0.0
32,352,0.0
33,352,0.0
34,352,0.0
35,352,0.0
36,352,0.0
37,352,0.0
38,352,0.0
39,352,0.0
40,352,0.0
41,352,0.0
42,352,0.0
43,352,0.0
44,352,0.0
45,352,0.0
46,352,0.0
47,352,1.0
48,352,0.0
49,352,0.0
50,352,0.0
51,352,0.0
52,352,0.0
53,352,0.0
54,352,0.0
55,352,0.0
56,352,0.0
57,352,0.0
58,352,0.0
59,352,0.0
60,352,0.0
61,352,0.0
62,352,0.0
63,352,0.0
64,352,0.0
65,352,0.0
66,352,0.0
67,352,0.0
68,352,0.0
69,352,0.0
70,352,0.0
71,352,0.0
72,352,0.0
73,352,0.0
74,352,0.0
0,355,0.0
1,355,0.0
2,355,0.0
3,355,0.0
4,355,0.0
5,355,0.0
6,355,0.0
7,355,0.0
8,355,0.0
9,355,0.0
10,355,0.0
11,355,0.0
12,355,0.0
13,355,1.0
14,355,1.0
15,355,0.0
16,355,0.0
17,355,0.0
18,355,0.0
19,355,1.0
20,355,1.0
21,355,0.0
22,355,1.0
23,355,0.0
24,355,0.0
25,355,0.0
26,355,0.0
27,355,0.0
28,355,0.0
29,355,0.0
30,355,0.0
31,355,0.0
32,355,1.0
33,355,0.0
34,355,0.0
35,355,0.0
36,355,0.0
37,355,0.0
38,355,0.0
39,355,0.0
40,355,0.0
41,355,0.0
42,355,1.0
43,355,1.0
44,355,0.0
45,355,1.0
46,355,0.0
47,355,0.0
48,355,0.0
49,355,0.0
50,355,1.0
51,355,1.0
52,355,1.0
53,355,1.0
54,355,0.0
55,355,0.0
56,355,0.0
57,355,0.0
58,355,0.0
59,355,0.0
60,355,0.0
61,355,0.0
62,355,0.0
63,355,0.0
64,355,0.0
65,355,0.0
66,355,1.0
67,355,0.0
68,355,0.0
69,355,0.0
70,355,1.0
71,355,0.0
72,355,0.0
73,355,1.0
74,355,0.0
0,358,0.0
1,358,0.0
2,358,0.0
3,358,0.0
4,358,0.0
5,358,0.0
6,358,0.0
7,358,0.0
8,358,0.0
9,358,0.0
10,358,0.0
11,358,0.0
12,358,0.0
13,358,0.0
14,358,0.0
15,358,0.0
16,358,0.0
17,358,0.0
18,358,0.0
19,358,0.0
20,358,0.0
21,358,0.0
22,358,0.0
23,358,0.0
24,358,0.0
25,358,0.0
26,358,0.0
27,358,0.0
28,358,0.0
29,358,0.0
30,358,0.0
31,358,0.0
32,358,0.0
33,358,0.0
34,358,0.0
35,358,0.0
36,358,0.0
37,358,0.0
38,358,0.0
39,358,0.0
40,358,0.0
41,358,0.0
42,358,0.0
43,358,0.0
44,358,0.0
45,358,0.0
46,358,0.0
47,358,1.0
48,358,0.0
49,358,0.0
50,358,0.0
51,358,0.0
52,358,0.0
53,358,0.0
54,358,0.0
55,358,0.0
56,358,0.0
57,358,0.0
58,358,0.0
59,358,0.0
60,358,0.0
61,358,0.0
62,358,0.0
63,358,0.0
64,358,0.0
65,358,0.0
66,358,0.0
67,358,0.0
68,358,0.0
69,358,0.0
70,358,0.0
71,358,0.0
72,358,0.0
73,358,0.0
74,358,0.0
0,363,0.0
1,363,0.0
2,363,0.0
3,363,0.0
4,363,0.0
5,363,0.0
6,363,0.0
7,363,0.0
8,363,0.0
9,363,0.0
10,363,0.0
11,363,0.0
12,363,0.0
13,363,0.0
14,363,0.0
15,363,0.0
16,363,0.0
17,363,0.0
18,363,0.0
19,363,0.0
20,363,0.0
21,363,0.0
22,363,0.0
23,363,0.0
24,363,0.0
25,363,0.0
26,363,0.0
27,363,0.0
28,363,0.0
29,363,0.0
30,363,0.0
31,363,0.0
32,363,0.0
33,363,0.0
34,363,0.0
35,363,0.0
36,363,0.0
37,363,0.0
38,363,0.0
39,363,0.0
40,363,0.0
41,363,0.0
42,363,0.0
43,363,0.0
44,363,0.0
45,363,0.0
46,363,0.0
47,363,0.0
48,363,0.0
49,363,0.0
50,363,0.0
51,363,0.0
52,363,0.0
53,363,0.0
54,363,0.0
55,363,0.0
56,363,0.0
57,363,0.0
58,363,0.0
59,363,0.0
60,363,0.0
61,363,0.0
62,363,0.0
63,363,0.0
64,363,0.0
65,363,0.0
66,363,1.0
67,363,0.0
68,363,0.0
69,363,0.0
70,363,0.0
71,363,0.0
72,363,0.0
73,363,0.0
74,363,0.0
0,364,0.0
1,364,0.0
2,364,0.0
3,364,0.0
4,364,0.0
5,364,0.0
6,364,0.0
7,364,0.0
8,364,0.0
9,364,1.0
10,364,1.0
11,364,1.0
12,364,0.0
13,364,0.0
14,364,1.0
15,364,0.0
16,364,0.0
17,364,0.0
18,364,0.0
19,364,0.0
20,364,0.0
21,364,0.0
22,364,0.0
23,364,0.0
24,364,0.0
25,364,0.0
26,364,0.0
27,364,0.0
28,364,0.0
29,364,0.0
30,364,0.0
31,364,1.0
32,364,0.0
33,364,0.0
34,364,0.0
35,364,0.0
36,364,1.0
37,364,0.0
38,364,0.0
39,364,0.0
40,364,0.0
41,364,0.0
42,364,0.0
43,364,0.0
44,364,1.0
45,364,0.0
46,364,0.0
47,364,0.0
48,364,0.0
49,364,0.0
50,364,1.0
51,364,0.0
52,364,0.0
53,364,0.0
54,364,0.0
55,364,0.0
56,364,0.0
57,364,0.0
58,364,0.0
59,364,0.0
60,364,0.0
61,364,1.0
62,364,0.0
63,364,0.0
64,364,0.0
65,364,0.0
66,364,0.0
67,364,0.0
68,364,0.0
69,364,0.0
70,364,0.0
71,364,1.0
72,364,0.0
73,364,0.0
74,364,0.0
0,365,0.0
1,365,0.0
2,365,0.0
3,365,0.0
4,365,0.0
5,365,0.0
6,365,0.0
7,365,0.0
8,365,0.0
9,365,0.0
10,365,0.0
11,365,0.0
12,365,0.0
13,365,0.0
14,365,0.0
15,365,0.0
16,365,0.0
17,365,0.0
18,365,0.0
19,365,0.0
20,365,0.0
21,365,0.0
22,365,0.0
23,365,0.0
24,365,0.0
25,365,0.0
26,365,0.0
27,365,0.0
28,365,0.0
29,365,0.0
30,365,0.0
31,365,0.0
32,365,0.0
33,365,0.0
34,365,0.0
35,365,0.0
36,365,0.0
37,365,0.0
38,365,1.0
39,365,0.0
40,365,0.0
41,365,0.0
42,365,0.0
43,365,0.0
44,365,1.0
45,365,0.0
46,365,0.0
47,365,0.0
48,365,0.0
49,365,0.0
50,365,0.0
51,365,0.0
52,365,0.0
53,365,0.0
54,365,0.0
55,365,0.0
56,365,0.0
57,365,0.0
58,365,0.0
59,365,0.0
60,365,0.0
61,365,0.0
62,365,0.0
63,365,0.0
64,365,0.0
65,365,0.0
66,365,0.0
67,365,0.0
68,365,0.0
69,365,0.0
70,365,0.0
71,365,0.0
72,365,0.0
73,365,0.0
74,365,0.0
0,366,0.0
1,366,0.0
2,366,0.0
3,366,0.0
4,366,0.0
5,366,0.0
6,366,0.0
7,366,0.0
8,366,0.0
9,366,0.0
10,366,0.0
11,366,0.0
12,366,0.0
13,366,0.0
14,366,0.0
15,366,0.0
16,366,0.0
17,366,0.0
18,366,0.0
19,366,0.0
20,366,0.0
21,366,0.0
22,366,0.0
23,366,0.0
24,366,0.0
25,366,0.0
26,366,0.0
27,366,0.0
28,366,0.0
29,366,0.0
30,366,0.0
31,366,0.0
32,366,0.0
33,366,0.0
34,366,0.0
35,366,0.0
36,366,0.0
37,366,0.0
38,366,0.0
39,366,0.0
40,366,0.0
41,366,0.0
42,366,0.0
43,366,0.0
44,366,0.0
45,366,0.0
46,366,0.0
47,366,0.0
48,366,0.0
49,366,0.0
50,366,0.0
51,366,0.0
52,366,0.0
53,366,0.0
54,366,0.0
55,366,0.0
56,366,0.0
57,366,0.0
58,366,0.0
59,366,0.0
60,366,0.0
61,366,0.0
62,366,0.0
63,366,0.0
64,366,0.0
65,366,0.0
66,366,1.0
67,366,0.0
68,366,0.0
69,366,0.0
70,366,0.0
71,366,0.0
72,366,0.0
73,366,0.0
74,366,0.0
0,370,0.0
1,370,0.0
2,370,0.0
3,370,0.0
4,370,0.0
5,370,0.0
6,370,0.0
7,370,0.0
8,370,0.0
9,370,0.0
10,370,0.0
11,370,0.0
12,370,0.0
13,370,0.0
14,370,0.0
15,370,0.0
16,370,0.0
17,370,0.0
18,370,0.0
19,370,0.0
20,370,0.0
21,370,0.0
22,370,0.0
23,370,0.0
24,370,0.0
25,370,0.0
26,370,0.0
27,370,0.0
28,370,1.0
29,370,0.0
30,370,0.0
31,370,0.0
32,370,0.0
33,370,0.0
34,370,0.0
35,370,0.0
36,370,0.0
37,370,0.0
38,370,0.0
39,370,0.0
40,370,0.0
41,370,0.0
42,370,0.0
43,370,0.0
44,370,0.0
45,370,0.0
46,370,0.0
47,370,0.0
48,370,0.0
49,370,0.0
50,370,0.0
51,370,0.0
52,370,0.0
53,370,0.0
54,370,0.0
55,370,0.0
56,370,0.0
57,370,0.0
58,370,0.0
59,370,0.0
60,370,0.0
61,370,0.0
62,370,0.0
63,370,0.0
64,370,0.0
65,370,0.0
66,370,0.0
67,370,0.0
68,370,0.0
69,370,0.0
70,370,0.0
71,370,0.0
72,370,0.0
73,370,0.0
74,370,0.0
0,373,0.0
1,373,0.0
2,373,0.0
3,373,0.0
4,373,0.0
5,373,0.0
6,373,0.0
7,373,0.0
8,373,0.0
9,373,0.0
10,373,0.0
11,373,0.0
12,373,0.0
13,373,0.0
14,373,0.0
15,373,0.0
16,373,0.0
17,373,0.0
18,373,0.0
19,373,0.0
20,373,0.0
21,373,0.0
22,373,0.0
23,373,0.0
24,373,0.0
25,373,0.0
26,373,0.0
27,373,0.0
28,373,0.0
29,373,0.0
30,373,0.0
31,373,0.0
32,373,0.0
33,373,0.0
34,373,0.0
35,373,0.0
36,373,0.0
37,373,0.0
38,373,0.0
39,373,0.0
40,373,0.0
41,373,0.0
42,373,0.0
43,373,0.0
44,373,1.0
45,373,0.0
46,373,0.0
47,373,0.0
48,373,0.0
49,373,0.0
50,373,0.0
51,373,0.0
52,373,0.0
53,373,0.0
54,373,0.0
55,373,0.0
56,373,0.0
57,373,0.0
58,373,0.0
59,373,0.0
60,373,0.0
61,373,0.0
62,373,0.0
63,373,0.0
64,373,0.0
65,373,0.0
66,373,0.0
67,373,0.0
68,373,0.0
69,373,0.0
70,373,0.0
71,373,0.0
72,373,0.0
73,373,0.0
74,373,0.0
0,376,0.0
1,376,0.0
2,376,0.0
3,376,0.0
4,376,0.0
5,376,0.0
6,376,0.0
7,376,0.0
8,376,0.0
9,376,0.0
10,376,0.0
11,376,0.0
12,376,0.0
13,376,0.0
14,376,0.0
15,376,0.0
16,376,0.0
17,376,0.0
18,376,0.0
19,376,0.0
20,376,0.0
21,376,0.0
22,376,0.0
23,376,0.0
24,376,0.0
25,376,0.0
26,376,0.0
27,376,0.0
28,376,0.0
29,376,0.0
30,376,0.0
31,376,0.0
32,376,0.0
33,376,0.0
34,376,0.0
35,376,0.0
36,376,0.0
37,376,0.0
38,376,0.0
39,376,0.0
40,376,0.0
41,376,0.0
42,376,0.0
43,376,0.0
44,376,0.0
45,376,0.0
46,376,0.0
47,376,0.0
48,376,0.0
49,376,0.0
50,376,0.0
51,376,1.0
52,376,0.0
53,376,0.0
54,376,0.0
55,376,0.0
56,376,0.0
57,376,0.0
58,376,0.0
59,376,0.0
60,376,0.0
61,376,0.0
62,376,0.0
63,376,0.0
64,376,0.0
65,376,0.0
66,376,0.0
67,376,0.0
68,376,0.0
69,376,0.0
70,376,0.0
71,376,0.0
72,376,0.0
73,376,0.0
74,376,0.0
0,380,0.0
1,380,0.0
2,380,0.0
3,380,0.0
4,380,0.0
5,380,0.0
6,380,0.0
7,380,0.0
8,380,1.0
9,380,0.0
10,380,0.0
11,380,0.0
12,380,0.0
13,380,0.0
14,380,0.0
15,380,0.0
16,380,0.0
17,380,0.0
18,380,0.0
19,380,0.0
20,380,0.0
21,380,0.0
22,380,0.0
23,380,0.0
24,380,0.0
25,380,1.0
26,380,0.0
27,380,0.0
28,380,0.0
29,380,0.0
30,380,0.0
31,380,0.0
32,380,0.0
33,380,0.0
34,380,1.0
35,380,0.0
36,380,0.0
37,380,0.0
38,380,1.0
39,380,0.0
40,380,0.0
41,380,0.0
42,380,0.0
43,380,0.0
44,380,0.0
45,380,0.0
46,380,0.0
47,380,0.0
48,380,0.0
49,380,0.0
50,380,0.0
51,380,0.0
52,380,0.0
53,380,0.0
54,380,1.0
55,380,1.0
56,380,0.0
57,380,0.0
58,380,0.0
59,380,0.0
60,380,1.0
61,380,1.0
62,380,0.0
63,380,0.0
64,380,0.0
65,380,0.0
66,380,0.0
67,380,0.0
68,380,0.0
69,380,1.0
70,380,0.0
71,380,0.0
72,380,0.0
73,380,0.0
74,380,0.0
0,382,0.0
1,382,0.0
2,382,0.0
3,382,0.0
4,382,0.0
5,382,0.0
6,382,0.0
7,382,0.0
8,382,0.0
9,382,0.0
10,382,0.0
11,382,0.0
12,382,0.0
13,382,0.0
14,382,0.0
15,382,0.0
16,382,0.0
17,382,0.0
18,382,0.0
19,382,0.0
20,382,0.0
21,382,0.0
22,382,0.0
23,382,0.0
24,382,0.0
25,382,0.0
26,382,0.0
27,382,0.0
28,382,0.0
29,382,0.0
30,382,0.0
31,382,0.0
32,382,0.0
33,382,0.0
34,382,0.0
35,382,0.0
36,382,0.0
37,382,0.0
38,382,0.0
39,382,0.0
40,382,0.0
41,382,0.0
42,382,0.0
43,382,0.0
44,382,1.0
45,382,0.0
46,382,0.0
47,382,0.0
48,382,0.0
49,382,0.0
50,382,0.0
51,382,0.0
52,382,0.0
53,382,0.0
54,382,0.0
55,382,0.0
56,382,0.0
57,382,0.0
58,382,0.0
59,382,0.0
60,382,0.0
61,382,0.0
62,382,0.0
63,382,0.0
64,382,0.0
65,382,0.0
66,382,0.0
67,382,0.0
68,382,0.0
69,382,0.0
70,382,0.0
71,382,0.0
72,382,0.0
73,382,0.0
74,382,0.0
0,387,0.0
1,387,0.0
2,387,1.0
3,387,1.0
4,387,0.0
5,387,1.0
6,387,0.0
7,387,0.0
8,387,0.0
9,387,0.0
10,387,0.0
11,387,1.0
12,387,0.0
13,387,0.0
14,387,0.0
15,387,0.0
16,387,0.0
17,387,0.0
18,387,0.0
19,387,0.0
20,387,0.0
21,387,0.0
22,387,1.0
23,387,0.0
24,387,0.0
25,387,0.0
26,387,0.0
27,387,1.0
28,387,0.0
29,387,0.0
30,387,0.0
31,387,0.0
32,387,0.0
33,387,0.0
34,387,0.0
35,387,0.0
36,387,1.0
37,387,0.0
38,387,0.0
39,387,0.0
40,387,0.0
41,387,0.0
42,387,0.0
43,387,0.0
44,387,0.0
45,387,0.0
46,387,0.0
47,387,0.0
48,387,0.0
49,387,0.0
50,387,0.0
51,387,0.0
52,387,0.0
53,387,0.0
54,387,0.0
55,387,0.0
56,387,1.0
57,387,0.0
58,387,0.0
59,387,1.0
60,387,0.0
61,387,0.0
62,387,0.0
63,387,0.0
64,387,0.0
65,387,0.0
66,387,0.0
67,387,0.0
68,387,0.0
69,387,1.0
70,387,0.0
71,387,0.0
72,387,0.0
73,387,1.0
74,387,1.0
0,389,0.0
1,389,0.0
2,389,0.0
3,389,0.0
4,389,0.0
5,389,0.0
6,389,0.0
7,389,0.0
8,389,0.0
9,389,0.0
10,389,0.0
11,389,0.0
12,389,0.0
13,389,0.0
14,389,0.0
15,389,0.0
16,389,0.0
17,389,0.0
18,389,0.0
19,389,0.0
20,389,0.0
21,389,0.0
22,389,0.0
23,389,0.0
24,389,0.0
25,389,0.0
26,389,0.0
27,389,0.0
28,389,0.0
29,389,0.0
30,389,0.0
31,389,0.0
32,389,0.0
33,389,0.0
34,389,0.0
35,389,0.0
36,389,0.0
37,389,0.0
38,389,0.0
39,389,0.0
40,389,0.0
41,389,0.0
42,389,0.0
43,389,0.0
44,389,0.0
45,389,0.0
46,389,0.0
47,389,0.0
48,389,0.0
49,389,0.0
50,389,0.0
51,389,0.0
52,389,0.0
53,389,0.0
54,389,0.0
55,389,0.0
56,389,0.0
57,389,0.0
58,389,0.0
59,389,0.0
60,389,0.0
61,389,0.0
62,389,0.0
63,389,0.0
64,389,0.0
65,389,0.0
66,389,0.0
67,389,0.0
68,389,0.0
69,389,0.0
70,389,1.0
71,389,0.0
72,389,0.0
73,389,0.0
74,389,0.0
0,395,0.0
1,395,0.0
2,395,1.0
3,395,0.0
4,395,1.0
5,395,1.0
6,395,1.0
7,395,0.0
8,395,0.0
9,395,1.0
10,395,1.0
11,395,0.0
12,395,0.0
13,395,1.0
14,395,1.0
15,395,0.0
16,395,1.0
17,395,0.0
18,395,0.0
19,395,0.0
20,395,0.0
21,395,0.0
22,395,0.0
23,395,0.0
24,395,0.0
25,395,0.0
26,395,0.0
27,395,0.0
28,395,0.0
29,395,0.0
30,395,0.0
31,395,0.0
32,395,1.0
33,395,0.0
34,395,0.0
35,395,0.0
36,395,0.0
37,395,0.0
38,395,0.0
39,395,0.0
40,395,0.0
41,395,0.0
42,395,0.0
43,395,0.0
44,395,0.0
45,395,0.0
46,395,0.0
47,395,0.0
48,395,0.0
49,395,0.0
50,395,0.0
51,395,0.0
52,395,0.0
53,395,1.0
54,395,0.0
55,395,0.0
56,395,0.0
57,395,0.0
58,395,0.0
59,395,0.0
60,395,0.0
61,395,1.0
62,395,0.0
63,395,1.0
64,395,1.0
65,395,0.0
66,395,1.0
67,395,1.0
68,395,0.0
69,395,0.0
70,395,0.0
71,395,0.0
72,395,0.0
73,395,0.0
74,395,0.0
0,397,0.0
1,397,0.0
2,397,0.0
3,397,0.0
4,397,0.0
5,397,0.0
6,397,0.0
7,397,0.0
8,397,0.0
9,397,0.0
10,397,0.0
11,397,0.0
12,397,0.0
13,397,0.0
14,397,0.0
15,397,1.0
16,397,0.0
17,397,0.0
18,397,0.0
19,397,0.0
20,397,0.0
21,397,0.0
22,397,0.0
23,397,0.0
24,397,0.0
25,397,0.0
26,397,0.0
27,397,0.0
28,397,0.0
29,397,0.0
30,397,0.0
31,397,0.0
32,397,0.0
33,397,0.0
34,397,0.0
35,397,0.0
36,397,0.0
37,397,0.0
38,397,0.0
39,397,0.0
40,397,0.0
41,397,0.0
42,397,0.0
43,397,0.0
44,397,0.0
45,397,0.0
46,397,0.0
47,397,0.0
48,397,0.0
49,397,0.0
50,397,0.0
51,397,0.0
52,397,0.0
53,397,0.0
54,397,0.0
55,397,0.0
56,397,0.0
57,397,0.0
58,397,0.0
59,397,0.0
60,397,0.0
61,397,0.0
62,397,0.0
63,397,0.0
64,397,0.0
65,397,0.0
66,397,0.0
67,397,0.0
68,397,0.0
69,397,0.0
70,397,0.0
71,397,0.0
72,397,0.0
73,397,0.0
74,397,0.0
0,402,1.0
1,402,0.0
2,402,0.0
3,402,0.0
4,402,0.0
5,402,0.0
6,402,0.0
7,402,0.0
8,402,0.0
9,402,0.0
10,402,0.0
11,402,0.0
12,402,0.0
13,402,0.0
14,402,0.0
15,402,0.0
16,402,0.0
17,402,0.0
18,402,0.0
19,402,0.0
20,402,0.0
21,402,0.0
22,402,1.0
23,402,0.0
24,402,0.0
25,402,0.0
26,402,0.0
27,402,1.0
28,402,0.0
29,402,0.0
30,402,0.0
31,402,0.0
32,402,0.0
33,402,0.0
34,402,0.0
35,402,0.0
36,402,0.0
37,402,0.0
38,402,0.0
39,402,0.0
40,402,0.0
41,402,0.0
42,402,0.0
43,402,0.0
44,402,0.0
45,402,0.0
46,402,0.0
47,402,0.0
48,402,0.0
49,402,0.0
50,402,0.0
51,402,0.0
52,402,0.0
53,402,0.0
54,402,0.0
55,402,0.0
56,402,1.0
57,402,0.0
58,402,0.0
59,402,0.0
60,402,0.0
61,402,0.0
62,402,0.0
63,402,0.0
64,402,0.0
65,402,0.0
66,402,0.0
67,402,0.0
68,402,0.0
69,402,0.0
70,402,0.0
71,402,0.0
72,402,0.0
73,402,0.0
74,402,0.0
