car_id,user_id
99,0
273,0
400,0
256,0
253,0
272,0
247,0
21,0
336,0
327,0
211,1
312,1
271,1
80,1
79,1
185,1
113,1
35,1
295,1
341,1
85,1
370,1
268,1
157,1
112,1
117,1
64,1
324,1
399,1
243,1
118,1
6,1
225,1
93,1
104,1
2,1
153,1
135,1
329,2
135,2
355,2
387,2
211,2
45,2
329,2
230,2
126,2
218,2
263,2
347,2
332,2
72,2
62,2
187,2
130,2
347,3
387,3
318,3
364,3
59,3
64,3
355,3
12,3
174,3
59,4
364,4
322,4
26,4
273,5
12,5
253,5
272,5
337,5
366,5
284,5
170,5
279,5
129,5
5,5
166,5
309,6
329,6
99,6
59,6
280,6
273,6
18,6
3,6
261,6
110,6
195,6
163,6
283,6
364,6
80,6
98,6
266,7
99,7
273,7
109,7
289,7
233,7
349,7
163,7
305,7
285,7
337,7
317,7
53,7
296,7
282,7
298,7
230,8
380,8
45,8
130,8
143,8
187,8
62,8
246,8
99,8
87,8
347,8
20,8
77,8
62,8
309,9
170,9
395,9
230,9
64,9
318,9
216,9
176,9
211,10
386,10
268,10
232,10
352,10
358,10
226,10
312,10
240,10
113,10
76,10
219,10
159,10
238,10
349,10
247,10
166,10
219,10
265,10
320,10
197,10
289,10
69,10
246,10
300,10
269,10
18,10
230,11
170,11
59,11
272,11
266,11
347,11
179,11
187,11
238,11
369,11
364,11
211,11
34,11
59,11
105,11
117,11
93,11
64,12
387,12
309,12
273,12
74,12
266,12
362,12
402,12
74,13
266,13
45,13
347,13
355,13
259,13
273,13
365,13
399,13
347,13
59,13
122,13
64,13
337,13
156,13
170,13
273,14
259,14
387,14
266,14
347,14
179,14
187,14
364,15
45,15
230,15
179,15
266,15
87,15
187,15
46,15
10,15
402,15
144,15
266,16
170,16
380,16
211,16
351,16
215,16
214,16
380,16
61,16
245,16
99,16
246,16
358,16
80,16
60,16
192,16
177,16
259,16
367,16
12,17
74,17
329,17
266,17
64,17
309,17
179,17
358,17
380,18
99,18
45,18
355,18
99,18
283,18
87,18
166,18
55,18
200,18
380,19
387,19
45,19
12,19
64,19
364,19
259,19
98,19
318,20
153,20
75,20
135,20
30,20
184,20
51,20
80,20
28,20
387,21
266,21
272,21
318,21
230,21
346,21
237,21
211,21
75,21
62,21
337,21
148,21
319,21
170,22
155,22
144,22
173,22
123,22
359,22
67,22
164,22
379,22
228,22
100,22
133,22
56,22
295,22
347,22
309,23
99,23
259,23
18,23
273,23
394,23
376,23
64,23
33,23
174,23
135,24
329,24
230,24
319,24
121,24
138,24
4,24
113,24
188,24
305,24
266,25
99,25
151,25
57,25
207,25
183,25
264,25
256,25
23,25
297,25
108,25
360,25
273,26
230,26
318,26
272,26
59,26
99,26
309,26
395,26
272,26
62,26
135,26
211,26
364,26
292,26
18,26
28,26
325,26
209,26
64,27
135,27
99,27
347,27
318,27
45,27
319,27
305,27
59,27
153,27
275,27
146,27
45,28
347,28
87,28
202,28
252,28
214,28
115,28
179,29
230,29
59,29
309,29
387,29
141,29
143,29
364,29
280,29
313,29
158,29
287,29
135,29
45,30
170,30
347,30
64,30
395,30
211,30
87,30
164,30
59,30
45,30
28,30
370,30
291,30
55,30
64,30
170,31
59,31
64,31
74,31
217,31
364,31
45,31
309,31
294,31
83,31
99,32
318,32
45,32
364,32
305,32
400,32
135,32
75,32
87,32
347,32
293,32
266,32
118,32
272,32
85,32
253,32
318,33
364,33
395,33
259,33
170,33
266,33
75,33
153,33
293,33
266,33
102,33
318,33
64,33
42,33
214,33
42,33
250,33
135,34
179,34
259,34
319,34
230,34
362,34
336,34
64,34
304,34
264,34
364,35
64,35
266,35
293,35
45,35
164,35
263,35
296,35
355,36
309,36
135,36
211,36
94,36
231,36
273,36
18,36
230,36
319,36
159,36
389,36
62,36
334,36
296,36
64,37
395,37
59,37
387,37
45,37
318,37
259,37
352,37
82,37
45,38
318,38
329,38
273,38
347,38
87,38
75,38
135,38
296,38
180,38
317,38
337,38
380,38
293,38
210,38
64,38
273,39
387,39
12,39
380,39
74,39
309,39
64,39
211,39
272,39
303,39
378,39
246,39
21,39
273,39
45,39
186,39
327,39
131,39
244,39
347,40
387,40
59,40
383,40
248,40
48,40
230,41
62,41
130,41
187,41
143,41
179,41
26,41
14,41
204,41
345,41
289,41
53,41
211,41
355,42
273,42
364,42
191,42
58,42
41,42
272,42
317,42
253,42
293,42
266,42
223,42
279,42
249,42
153,42
135,42
259,43
211,43
329,43
12,43
179,43
309,43
64,43
76,43
138,43
170,43
367,43
18,43
14,43
263,43
266,44
170,44
32,44
360,44
177,44
147,44
248,44
368,44
369,44
144,44
223,44
131,44
3,44
246,44
46,44
38,44
19,44
205,44
130,44
143,44
318,45
355,45
380,45
59,45
74,45
273,45
135,45
99,45
240,45
383,45
84,45
230,46
387,46
130,46
62,46
179,46
143,46
218,46
206,46
379,46
374,46
175,46
32,46
59,46
278,46
174,46
386,46
395,46
200,46
230,47
179,47
143,47
130,47
187,47
62,47
330,47
158,47
48,47
289,47
194,47
305,47
99,48
64,48
59,48
170,48
45,48
292,48
264,48
45,48
364,48
184,48
87,48
3,48
312,48
3,48
270,48
45,49
230,49
387,49
347,49
87,49
62,49
187,49
83,49
401,49
79,49
177,49
375,49
387,50
309,50
74,50
364,50
170,50
99,50
297,50
252,50
273,50
18,50
22,50
120,50
293,50
266,50
245,50
380,50
349,50
400,50
22,50
359,50
301,50
170,51
309,51
318,51
380,51
144,51
280,51
153,51
99,51
325,51
260,51
355,52
347,52
364,52
304,52
59,52
266,52
389,52
307,52
179,53
211,53
259,53
45,53
230,53
364,53
266,53
347,53
230,53
59,54
45,54
395,54
273,54
364,54
87,54
318,54
337,54
219,54
136,54
45,54
170,55
273,55
135,55
355,55
251,55
11,55
272,55
253,55
319,55
230,55
156,55
134,55
163,55
287,55
285,55
280,55
64,56
347,56
74,56
45,56
59,56
249,56
125,56
384,56
116,56
171,56
387,57
59,57
90,57
43,57
375,57
303,57
364,57
16,57
302,57
179,58
259,58
273,58
272,58
329,58
230,58
12,58
98,58
64,58
285,58
211,58
15,58
143,58
378,58
32,58
330,58
45,59
64,59
329,59
380,59
259,59
395,59
347,59
45,59
138,59
246,59
64,59
48,59
397,59
287,59
211,60
99,60
387,60
135,60
74,60
395,60
355,60
234,60
400,60
119,60
319,60
307,60
48,60
81,60
234,60
291,60
155,60
123,60
273,61
395,61
318,61
387,61
74,61
337,61
28,61
153,61
101,61
221,61
144,61
159,61
283,61
264,61
347,62
59,62
328,62
128,62
170,63
380,63
230,63
135,63
64,63
99,63
59,63
244,63
246,63
179,63
319,63
45,63
283,63
364,63
10,63
63,63
64,63
230,64
99,64
179,64
211,64
187,64
130,64
195,64
292,64
175,64
9,64
386,64
146,64
229,64
101,64
6,64
211,64
135,65
45,65
319,65
230,65
347,65
87,65
304,65
8,65
27,65
366,65
355,66
197,66
150,66
104,66
204,66
227,66
387,66
14,66
257,66
116,66
181,66
37,66
363,66
314,66
94,66
321,66
356,66
346,66
227,66
157,66
347,67
387,67
364,67
329,67
59,67
395,67
211,67
59,67
401,67
266,67
15,67
364,67
402,67
185,67
75,67
24,67
280,67
179,68
309,68
135,68
74,68
211,68
99,68
220,68
273,68
230,68
361,68
295,68
394,68
96,68
305,68
12,69
211,69
387,69
272,69
298,69
378,69
176,69
146,69
341,69
35,69
356,69
189,69
332,69
211,69
164,69
55,69
211,70
329,70
259,70
12,70
113,70
300,70
138,70
10,70
64,70
176,70
257,70
170,70
45,70
211,71
318,71
329,71
45,71
355,71
347,71
272,71
309,71
395,71
135,71
121,71
347,71
241,71
59,71
211,71
280,71
351,71
71,71
143,71
380,72
364,72
395,72
170,72
272,72
211,72
246,72
266,72
28,72
212,72
211,72
263,72
316,72
258,72
256,72
99,73
380,73
272,73
387,73
256,73
246,73
211,73
252,73
279,73
331,73
170,74
364,74
42,74
244,74
299,74
144,74
266,74
293,74
202,74
62,74
362,74
59,74
99,75
347,75
45,75
183,75
59,75
347,75
200,75
286,75
337,75
259,76
59,76
135,76
99,76
309,76
318,76
12,76
64,76
64,76
364,76
230,76
163,76
18,76
153,76
363,76
45,76
58,76
151,76
259,76
91,76
272,77
59,77
395,77
329,77
99,77
259,77
337,77
298,77
395,78
355,78
28,78
402,78
318,78
102,78
63,78
36,78
231,78
334,78
269,78
127,78
37,78
188,78
3,78
273,78
18,78
309,79
135,79
329,79
380,79
259,79
387,79
99,79
280,79
319,79
3,79
246,79
64,79
290,79
376,79
396,79
382,79
148,79
9,79
259,79
211,80
232,80
82,80
128,80
240,80
358,80
192,80
184,80
205,80
362,80
296,80
293,80
141,80
186,80
99,81
400,81
394,81
305,81
376,81
256,81
100,81
35,81
132,81
363,81
82,81
119,81
179,82
45,82
59,82
170,82
99,82
309,82
259,82
87,82
364,82
244,82
292,82
280,82
266,82
296,82
364,83
179,83
45,83
99,83
309,83
272,83
59,83
266,83
293,83
91,83
98,83
87,83
347,83
292,83
400,83
273,83
18,83
211,83
364,83
300,83
144,83
355,84
395,84
329,84
266,84
36,84
402,84
261,84
112,84
363,84
122,84
64,85
59,85
266,85
272,85
329,85
135,85
347,85
395,85
329,86
211,86
273,86
395,86
230,86
170,86
380,86
64,86
15,86
169,86
253,86
28,86
130,86
42,86
246,86
45,86
183,86
80,86
347,86
87,86
135,87
319,87
230,87
17,87
170,87
29,87
87,87
347,87
318,88
380,88
355,88
99,88
309,88
266,88
135,88
99,88
281,88
354,88
273,88
118,88
181,88
69,88
293,88
266,88
99,89
329,89
179,89
347,89
292,89
256,89
180,89
270,89
98,89
175,89
59,89
73,89
227,89
364,89
211,90
380,90
64,90
259,90
389,90
246,90
45,90
64,90
108,90
140,90
3,90
64,91
45,91
347,91
45,91
347,91
59,91
349,91
100,91
273,92
347,92
266,92
253,92
285,92
317,92
59,92
34,92
64,92
195,92
266,92
64,93
355,93
318,93
273,93
329,93
45,93
166,93
75,93
253,93
10,93
11,93
361,93
272,94
135,94
347,94
318,94
74,94
395,94
211,94
230,94
59,94
153,94
120,94
28,94
244,94
55,94
285,94
337,94
179,95
380,95
99,95
272,95
329,95
135,95
314,95
99,95
256,95
211,95
10,95
230,95
222,95
150,95
64,95
273,96
74,96
318,96
272,96
308,96
75,96
25,96
249,96
395,97
380,97
347,97
387,97
115,97
402,97
246,97
99,97
59,97
239,97
227,97
173,97
364,97
259,98
364,98
64,98
266,98
157,98
43,98
357,98
144,98
329,99
259,99
318,99
355,99
347,99
179,99
327,99
387,100
347,100
395,100
318,100
99,100
74,100
254,100
84,100
59,100
48,100
75,100
229,100
249,100
269,100
266,100
319,100
230,100
64,101
45,101
52,101
253,101
229,101
74,102
216,102
21,102
208,102
120,102
307,102
373,102
382,102
266,102
250,102
193,102
219,102
33,102
382,102
225,102
93,102
211,102
395,103
170,103
273,103
115,103
48,103
255,103
61,103
285,103
317,103
344,103
398,103
26,103
75,103
12,104
363,104
176,104
170,104
162,104
62,104
261,104
146,104
224,104
268,104
364,105
64,105
179,105
170,105
266,105
293,105
45,105
46,105
144,105
181,105
246,105
380,106
395,106
246,106
99,106
402,106
115,106
258,106
111,106
395,106
395,107
347,107
59,107
266,107
211,107
115,107
59,107
364,107
324,107
219,107
343,107
322,107
211,107
230,108
74,108
395,108
135,108
179,108
170,108
62,108
21,108
102,108
319,108
259,108
7,108
34,108
47,108
113,108
347,109
59,109
73,109
363,109
94,109
304,109
384,109
45,110
380,110
387,110
179,110
347,110
87,110
347,110
99,110
246,110
74,110
343,110
220,110
91,110
59,110
310,110
265,110
273,111
74,111
170,111
179,111
387,111
12,111
99,111
34,111
64,112
380,112
272,112
329,112
74,112
364,112
45,112
45,112
99,112
211,112
121,112
365,112
293,112
347,112
99,112
157,112
264,112
394,112
170,113
45,113
395,113
309,113
329,113
144,113
357,113
87,113
347,113
402,113
48,113
280,113
18,113
10,113
339,113
192,113
284,113
54,113
211,113
259,114
64,114
386,114
254,114
45,115
179,115
259,115
87,115
347,115
259,115
93,115
64,115
232,115
8,115
272,115
211,116
347,116
355,116
12,116
329,116
99,116
266,116
312,116
59,116
171,116
202,116
138,116
256,116
12,116
125,116
114,116
319,116
230,116
273,117
309,117
230,117
387,117
64,117
259,117
170,117
12,117
272,117
273,117
179,117
189,117
45,117
64,117
144,117
378,117
231,117
393,117
59,117
309,118
318,118
347,118
45,118
18,118
280,118
75,118
135,118
59,118
347,118
22,118
117,118
187,118
387,119
64,119
59,119
99,119
230,119
355,119
161,119
45,119
364,119
349,119
187,119
191,119
44,119
200,119
180,119
64,120
259,120
211,120
45,120
64,120
311,120
255,120
66,120
318,121
387,121
347,121
259,121
135,121
129,121
59,121
64,121
240,121
23,121
259,122
74,122
380,122
387,122
266,122
64,122
373,122
99,122
254,122
37,122
294,122
72,122
48,122
135,123
230,123
319,123
379,123
174,123
67,123
402,123
135,124
272,124
64,124
266,124
99,124
277,124
211,125
64,125
74,125
273,125
391,125
279,125
45,125
221,125
285,125
272,125
292,125
59,125
347,126
135,126
329,126
45,126
230,126
380,126
74,126
272,126
245,126
12,127
179,127
266,127
230,127
272,127
170,127
202,127
152,127
12,127
130,127
211,127
299,127
183,127
26,127
99,128
355,128
400,128
229,128
195,128
287,128
371,128
124,128
365,128
245,128
134,128
241,128
59,129
364,129
362,129
77,129
143,129
329,130
309,130
355,130
45,130
74,130
272,130
347,130
364,130
346,130
45,130
387,131
364,131
65,131
161,131
101,131
95,131
302,131
293,131
266,131
114,131
239,131
177,131
368,131
212,131
357,131
395,132
364,132
211,132
266,132
402,132
318,132
48,132
293,132
266,132
279,132
271,132
225,132
203,132
267,132
233,132
369,132
329,133
74,133
99,133
266,133
12,133
364,133
179,133
54,133
365,133
195,133
112,133
162,133
266,133
372,133
260,133
398,133
364,133
364,134
309,134
266,134
293,134
280,134
18,134
89,134
242,134
394,134
219,134
64,135
12,135
230,135
329,135
259,135
347,135
272,135
364,135
45,135
366,135
143,135
180,135
64,135
59,135
211,135
293,135
40,135
319,135
355,136
309,136
170,136
135,136
127,136
322,136
18,136
280,136
369,136
223,136
230,136
319,136
111,136
102,136
331,136
279,136
268,136
79,136
272,137
211,137
250,137
280,137
387,138
12,138
170,138
347,138
211,138
266,138
318,138
36,138
99,138
179,139
148,139
13,139
141,139
372,139
321,139
93,139
259,139
91,139
201,139
98,139
24,139
1,139
315,139
295,139
164,139
78,139
70,139
193,139
87,139
390,139
171,139
280,139
347,140
387,140
59,140
59,140
297,140
364,140
267,140
312,140
266,140
99,141
179,141
283,141
213,141
264,141
305,141
292,141
372,141
220,141
336,141
91,141
321,141
325,141
187,141
283,141
392,141
220,141
18,141
59,141
347,142
273,142
45,142
12,142
59,142
317,142
347,142
162,142
271,142
20,142
74,143
45,143
99,143
309,143
249,143
347,143
305,143
280,143
324,143
314,143
309,144
59,144
273,144
18,144
280,144
364,144
132,144
297,144
228,144
241,144
135,145
347,145
273,145
318,145
230,145
319,145
59,145
337,145
153,145
21,145
128,145
364,145
99,146
364,146
211,146
395,146
170,146
387,146
272,146
349,146
293,146
200,146
102,146
144,146
26,146
211,146
147,146
298,146
59,146
179,147
355,147
364,147
64,147
59,147
329,147
46,147
231,147
266,147
45,147
364,147
243,147
117,147
275,147
168,147
211,148
64,148
329,148
99,148
309,148
45,148
387,148
170,148
341,148
45,148
296,148
183,148
280,148
347,148
303,148
327,148
303,148
403,148
211,148
273,149
259,149
272,149
253,149
337,149
317,149
285,149
64,149
55,149
184,149
230,150
130,150
179,150
187,150
62,150
143,150
243,150
191,150
63,150
174,150
328,150
206,150
99,150
347,151
12,151
211,151
395,151
59,151
378,151
338,151
402,151
65,151
8,151
246,151
12,152
395,152
266,152
176,152
202,152
363,152
102,152
402,152
48,152
151,152
89,152
222,152
205,152
364,152
239,152
165,152
285,152
387,153
309,153
74,153
355,153
74,153
25,153
273,153
280,153
21,153
307,153
156,153
387,153
23,153
272,153
401,153
293,153
266,153
179,154
387,154
135,154
93,154
220,154
362,154
201,154
27,154
51,154
252,154
342,154
230,154
319,154
9,154
81,154
204,154
272,155
355,155
211,155
170,155
99,155
266,155
211,155
301,155
348,155
131,155
376,155
20,155
126,155
298,155
266,156
273,156
177,156
203,156
272,156
253,156
144,156
248,156
201,156
59,157
45,157
355,157
309,157
364,157
347,157
30,157
273,157
66,157
62,157
74,158
318,158
179,158
59,158
259,158
170,158
309,158
120,158
135,158
220,158
364,158
64,158
255,158
273,158
112,158
153,158
387,159
59,159
99,159
170,159
230,159
86,159
218,159
364,159
267,159
144,159
187,159
42,159
139,159
273,159
74,160
382,160
120,160
221,160
361,160
309,160
21,160
365,160
373,160
216,160
208,160
247,160
214,160
161,160
286,160
370,160
231,160
155,160
19,160
338,160
192,160
273,160
211,161
347,161
387,161
259,161
272,161
380,161
318,161
312,161
59,161
97,161
64,161
211,161
246,161
135,161
320,161
296,161
402,161
272,162
74,162
380,162
211,162
309,162
99,162
248,162
122,162
170,163
45,163
12,163
380,163
273,163
179,163
74,163
277,163
135,164
12,164
99,164
59,164
64,164
211,164
347,164
230,164
170,164
183,164
364,164
45,164
234,164
59,164
298,164
360,164
337,164
317,164
387,165
170,165
355,165
38,165
49,165
133,165
310,165
282,165
272,166
230,166
64,166
59,166
266,166
347,166
211,166
62,166
45,166
364,166
399,166
59,166
272,166
1,166
350,166
325,166
273,167
337,167
317,167
272,167
253,167
285,167
384,167
104,167
102,167
78,167
401,167
208,167
153,167
135,167
318,168
135,168
230,168
59,168
12,168
153,168
230,168
62,168
364,168
366,168
264,168
83,168
64,168
266,169
211,169
399,169
60,169
57,169
333,169
278,169
219,169
85,169
352,169
69,169
295,169
331,169
92,169
191,169
280,169
345,169
186,169
230,169
347,170
387,170
211,170
266,170
45,170
380,170
64,170
59,170
303,170
352,170
20,170
347,170
99,170
45,170
273,170
56,170
347,171
211,171
170,171
309,171
355,171
59,171
35,171
11,171
18,171
275,171
381,171
134,171
364,172
266,172
293,172
257,172
294,172
48,172
18,172
347,173
59,173
146,173
274,173
273,174
347,174
211,174
170,174
317,174
59,174
338,174
106,174
100,174
147,174
170,175
45,175
172,175
247,175
145,175
123,175
347,175
87,175
45,175
340,175
200,175
285,175
337,175
170,176
272,176
45,176
74,176
329,176
395,176
59,176
172,176
211,176
87,176
365,176
10,176
48,176
364,176
67,176
135,176
246,176
99,176
364,177
395,177
347,177
170,177
266,177
293,177
28,177
402,177
59,177
247,177
128,177
203,177
153,177
75,177
272,178
170,178
355,178
211,178
245,178
124,178
195,178
321,178
309,179
99,179
45,179
259,179
318,179
211,179
355,179
331,179
355,180
74,180
135,180
228,180
227,180
382,180
361,180
230,180
319,180
360,180
219,180
232,180
135,180
272,181
12,181
64,181
179,181
99,181
135,181
62,181
59,182
387,182
318,182
135,182
272,182
364,182
313,182
135,182
230,182
211,182
230,182
138,182
318,182
266,183
380,183
64,183
12,183
318,183
170,183
211,183
364,183
29,183
64,183
12,184
363,184
284,184
298,184
162,184
274,184
351,184
289,184
311,184
266,184
64,185
45,185
14,185
8,185
338,185
219,185
113,185
355,186
259,186
318,186
387,186
371,186
30,186
231,186
64,186
75,186
369,186
318,186
135,187
59,187
347,187
230,187
364,187
59,187
157,187
54,187
64,188
273,188
272,188
380,188
179,188
74,188
45,188
308,188
64,189
45,189
74,189
266,189
329,189
45,189
87,189
365,189
44,189
54,189
389,189
233,189
153,189
211,190
312,190
192,190
389,190
234,190
113,190
185,190
232,190
370,190
338,190
200,190
262,190
96,190
158,190
33,190
146,190
301,190
394,190
235,190
393,190
99,191
12,191
179,191
329,191
259,191
380,191
195,191
202,191
201,191
243,191
64,191
246,191
284,191
216,191
18,191
273,191
280,191
12,192
170,192
266,192
259,192
230,192
211,192
329,192
248,192
59,192
135,193
230,193
319,193
187,193
262,193
327,193
12,194
99,194
329,194
170,194
298,194
202,194
163,194
305,194
213,194
138,194
10,194
15,194
287,194
130,194
334,194
378,194
367,194
59,195
211,195
364,195
386,195
180,195
91,195
266,196
45,196
99,196
59,196
230,196
387,196
178,196
44,196
347,196
87,196
376,196
195,196
364,196
130,196
52,196
263,196
230,196
45,197
135,197
259,197
364,197
230,197
87,197
347,197
230,197
319,197
64,197
266,197
62,197
133,197
284,197
179,198
135,198
272,198
64,198
93,198
230,198
211,198
45,198
270,198
81,198
266,199
99,199
89,199
324,199
132,199
23,199
160,199
151,199
19,199
229,199
256,199
213,199
163,199
355,199
394,199
292,199
170,199
107,199
255,199
208,199
146,199
8,199
109,199
302,199
64,200
380,200
347,200
355,200
318,200
45,200
246,200
59,200
304,200
135,200
171,200
214,200
273,201
135,201
395,201
337,201
272,201
285,201
319,201
230,201
402,201
102,201
350,201
395,201
334,201
64,201
259,202
395,202
179,202
211,202
64,202
309,202
273,202
64,202
102,202
40,202
186,202
45,202
18,202
272,202
11,202
102,202
45,203
309,203
59,203
64,203
380,203
135,203
211,203
272,203
266,204
12,204
387,204
179,204
23,204
162,204
254,204
321,204
127,204
181,204
135,205
319,205
230,205
150,205
282,205
300,205
208,205
230,206
318,206
387,206
355,206
211,206
59,206
273,206
364,206
366,206
272,207
74,207
387,207
211,207
45,207
135,207
79,207
64,208
170,208
179,208
59,208
318,208
74,208
211,208
153,208
230,209
364,209
211,209
347,209
62,209
266,209
146,209
59,209
180,209
369,209
102,209
99,210
309,210
230,210
380,210
395,210
64,210
292,210
273,210
62,210
99,210
115,210
45,210
28,210
299,210
270,210
138,210
395,211
266,211
48,211
402,211
318,211
115,211
8,211
34,211
31,211
205,211
277,211
195,211
213,211
75,211
11,211
249,211
373,211
365,211
266,212
387,212
273,212
64,212
347,212
19,212
332,212
285,212
45,212
59,212
153,212
230,212
180,212
59,213
230,213
99,213
355,213
364,213
74,213
179,213
12,213
191,213
266,214
355,214
99,214
179,214
45,214
389,214
170,215
230,215
355,215
179,215
329,215
259,215
245,215
62,215
81,215
336,215
326,215
64,215
29,215
218,215
135,215
153,215
395,216
74,216
318,216
211,216
272,216
135,216
347,216
28,216
120,216
153,216
395,216
211,216
230,216
59,216
209,216
95,216
346,216
59,217
318,217
74,217
179,217
364,217
135,217
365,217
148,217
225,217
226,217
337,217
285,217
230,218
364,218
266,218
45,218
211,218
12,218
135,218
347,218
143,218
293,218
345,218
87,218
219,218
366,218
319,218
59,218
191,218
240,218
135,218
75,218
153,218
266,219
318,219
99,219
273,219
360,219
31,219
153,219
75,219
292,219
264,219
337,219
272,219
216,219
242,219
86,219
364,219
259,220
45,220
230,220
329,220
64,220
347,220
62,220
54,220
61,220
91,220
59,221
273,221
329,221
99,221
364,221
337,221
339,221
283,221
70,221
193,221
211,221
135,222
319,222
230,222
347,222
68,222
266,222
45,222
74,223
272,223
12,223
347,223
382,223
216,223
211,223
176,223
59,223
110,223
21,223
135,224
230,224
319,224
194,224
112,224
389,224
45,224
74,225
309,225
308,225
373,225
361,225
216,225
307,225
221,225
388,225
382,225
186,225
69,225
14,225
176,225
366,225
317,225
347,226
273,226
99,226
59,226
285,226
256,226
296,226
173,226
266,227
351,227
203,227
23,227
8,227
398,227
235,227
233,227
353,227
77,227
345,227
112,227
194,227
141,227
152,227
393,227
266,227
255,227
34,227
72,227
400,227
356,227
218,227
229,227
149,227
372,227
64,227
272,228
12,228
45,228
387,228
230,228
59,228
355,228
211,228
363,228
87,228
65,228
187,228
364,228
139,228
152,228
105,228
347,229
179,229
266,229
355,229
64,229
99,229
380,229
59,229
336,229
50,229
134,229
45,229
394,229
246,229
151,229
379,229
64,229
59,230
266,230
45,230
179,230
364,230
78,230
347,230
9,230
98,230
377,230
272,231
347,231
45,231
355,231
74,231
59,231
211,231
59,231
347,231
156,231
249,231
364,231
57,231
247,231
142,231
259,232
380,232
64,232
246,232
340,232
223,232
380,233
99,233
318,233
211,233
272,233
74,233
273,233
266,233
246,233
355,233
153,233
146,233
211,233
361,233
285,233
157,233
382,233
66,233
59,234
318,234
74,234
259,234
347,234
135,234
364,234
135,234
307,234
64,234
59,234
319,234
216,234
378,234
235,234
31,234
181,234
170,235
59,235
364,235
11,235
369,235
364,235
293,235
262,235
311,235
309,236
99,236
170,236
135,236
355,236
266,236
12,236
18,236
305,236
247,236
230,236
387,236
77,236
162,236
249,236
25,236
272,236
253,236
64,237
364,237
45,237
266,237
191,237
136,237
170,238
259,238
12,238
211,238
266,238
273,238
272,238
74,238
48,238
59,239
266,239
230,239
364,239
324,239
143,239
277,239
381,239
179,240
230,240
272,240
329,240
59,240
111,240
266,241
272,241
309,241
380,241
364,241
135,241
59,241
329,241
60,241
211,241
18,241
246,241
293,241
230,241
364,241
243,241
364,241
50,241
99,242
211,242
355,242
273,242
256,242
128,242
116,242
253,242
352,242
52,242
211,242
364,243
266,243
293,243
388,243
246,243
362,243
64,243
272,244
211,244
106,244
301,244
273,245
317,245
272,245
337,245
285,245
253,245
312,245
244,245
229,245
45,245
364,245
76,245
12,246
329,246
273,246
364,246
74,246
395,246
45,246
259,246
284,246
339,246
285,246
266,246
382,246
102,246
87,246
64,246
260,246
23,246
99,247
309,247
329,247
318,247
59,247
12,247
347,247
276,247
273,248
99,248
387,248
380,248
179,248
285,248
267,248
95,248
246,248
201,248
172,248
183,248
99,249
264,249
195,249
283,249
213,249
256,249
305,249
394,249
400,249
183,249
267,249
292,249
263,249
377,249
321,249
302,249
345,249
350,249
374,249
81,249
392,249
131,249
330,249
318,249
64,250
230,250
273,250
380,250
179,250
387,250
45,250
266,250
45,250
187,250
272,250
246,250
91,250
73,250
347,250
277,250
253,250
62,250
240,250
59,251
99,251
170,251
364,251
267,251
212,251
9,251
346,251
387,252
59,252
395,252
355,252
259,252
273,252
170,252
309,252
154,252
364,252
402,252
116,252
64,252
337,252
328,252
280,252
328,252
19,252
45,252
355,253
170,253
59,253
322,253
385,253
231,253
258,253
217,253
328,253
364,253
4,253
20,253
367,253
91,253
135,254
395,254
318,254
12,254
59,254
364,254
221,254
318,255
75,255
135,255
153,255
213,255
259,255
256,255
125,255
380,256
12,256
99,256
59,256
211,256
230,256
259,256
318,256
176,256
347,257
259,257
59,257
64,257
154,257
247,257
135,257
153,257
355,258
309,258
179,258
347,258
45,258
387,258
349,258
45,259
318,259
329,259
99,259
309,259
230,259
297,259
272,260
135,260
318,260
74,260
380,260
179,260
211,260
230,260
135,260
361,260
246,260
372,260
208,260
364,260
99,261
256,261
267,261
163,261
195,261
400,261
305,261
394,261
229,261
213,261
355,261
366,261
191,261
155,261
34,261
237,261
164,261
30,261
108,261
310,261
67,261
107,261
318,262
211,262
272,262
309,262
135,262
75,262
389,262
219,262
211,262
18,262
321,262
116,262
318,263
59,263
211,263
170,263
12,263
387,263
309,263
64,263
75,263
364,263
82,263
164,263
162,263
97,263
280,263
45,263
386,263
303,263
115,263
259,264
45,264
266,264
12,264
99,264
273,264
380,264
309,264
64,264
347,264
19,264
162,264
376,264
253,264
99,264
18,264
6,264
45,264
75,264
179,265
272,265
230,265
135,265
148,265
98,265
211,265
143,265
230,265
80,265
13,265
87,265
318,266
230,266
153,266
135,266
75,266
143,266
187,266
62,266
87,266
235,266
105,266
358,266
266,267
230,267
329,267
318,267
112,267
118,267
160,267
187,267
62,267
130,267
296,267
329,267
54,267
75,267
153,267
135,267
117,267
77,267
116,267
167,267
211,268
266,268
45,268
273,268
74,268
185,268
235,268
87,268
337,268
221,268
323,268
375,268
54,268
243,268
74,269
272,269
387,269
347,269
45,269
309,269
307,269
211,269
383,269
59,269
87,269
273,269
29,269
303,269
217,269
74,270
64,270
59,270
266,270
179,270
230,270
364,270
21,270
45,270
364,270
118,270
220,270
179,270
293,270
22,270
168,270
347,271
318,271
230,271
395,271
309,271
179,271
259,271
59,271
153,271
62,271
48,271
280,271
141,271
64,271
228,271
80,271
337,271
364,272
318,272
293,272
266,272
153,272
135,272
192,272
388,272
358,272
219,272
341,272
387,273
329,273
297,273
332,273
73,273
121,273
10,273
54,273
216,273
292,273
320,273
279,273
59,274
355,274
259,274
266,274
45,274
318,274
272,274
364,274
107,274
64,274
345,274
87,274
135,274
211,274
8,274
223,274
45,274
259,275
99,275
135,275
64,275
355,275
364,275
64,275
354,275
319,275
45,275
228,275
266,275
253,275
151,275
179,276
64,276
364,276
12,276
59,276
45,276
329,276
98,276
45,276
293,276
202,276
364,276
87,276
3,276
321,276
332,276
290,276
309,277
272,277
355,277
329,277
364,277
135,277
211,277
74,277
18,277
211,277
30,277
243,277
293,277
319,277
113,277
373,277
52,277
8,277
366,277
170,277
347,278
59,278
124,278
10,278
347,279
59,279
83,279
383,279
387,280
64,280
310,280
343,280
29,280
401,280
45,280
88,280
99,280
230,281
179,281
347,281
387,281
273,281
130,281
13,281
59,281
70,281
285,281
274,281
63,281
347,282
318,282
387,282
74,282
59,282
153,282
52,282
216,282
33,282
365,282
64,282
45,283
64,283
347,283
87,283
347,283
45,283
59,283
272,283
294,283
273,283
18,283
280,283
45,284
380,284
272,284
364,284
99,284
87,284
246,284
211,284
266,284
264,284
180,284
105,284
99,285
347,285
59,285
45,285
364,285
380,285
272,285
273,285
259,285
395,286
170,286
28,286
48,286
115,286
123,286
368,286
184,286
114,286
17,286
180,286
176,286
141,286
135,287
387,287
211,287
230,287
259,287
179,287
266,288
179,288
74,288
387,288
64,288
59,288
147,288
141,288
21,288
276,288
45,288
364,288
141,288
89,288
364,289
211,289
273,289
293,289
266,289
159,289
85,289
253,289
337,289
309,289
311,289
172,289
318,289
347,290
59,290
316,290
318,290
279,290
234,290
99,291
179,291
74,291
355,291
283,291
163,291
91,291
13,291
309,291
373,291
122,291
315,291
353,291
269,291
395,291
364,291
170,292
64,292
273,292
74,292
172,292
45,292
272,292
382,292
212,292
367,292
355,293
266,293
395,293
390,293
165,293
32,293
323,293
102,293
48,293
326,293
91,293
30,293
59,294
64,294
230,294
380,294
364,294
45,294
187,294
99,294
158,294
119,294
129,294
274,294
29,294
135,295
347,295
319,295
230,295
59,295
44,295
190,295
309,296
364,296
18,296
280,296
273,296
266,296
293,296
372,296
162,296
351,296
25,296
179,297
309,297
273,297
266,297
135,297
318,297
367,297
273,297
253,297
353,297
230,297
75,297
74,297
278,297
347,298
45,298
318,298
395,298
74,298
355,298
259,298
59,298
347,298
153,298
48,298
373,298
209,298
64,298
122,298
99,298
266,298
293,298
395,299
230,299
329,299
272,299
12,299
347,299
402,299
179,299
138,299
211,299
298,299
59,299
37,299
332,299
37,299
77,299
250,299
170,300
355,300
64,300
74,300
380,300
223,300
238,300
191,300
126,300
45,300
208,300
246,300
151,300
379,300
130,300
179,300
62,300
170,301
59,301
99,301
135,301
45,301
381,301
173,301
364,301
163,301
319,301
347,301
177,301
336,301
117,301
74,301
329,302
330,302
326,302
296,302
243,302
15,302
138,302
10,302
54,302
3,302
199,302
312,302
177,302
275,302
107,302
109,302
150,302
291,302
195,302
32,302
220,302
46,302
148,302
387,303
347,303
179,303
309,303
395,303
380,303
230,303
53,303
59,303
91,303
280,303
115,303
99,303
143,303
67,303
156,303
45,304
179,304
380,304
309,304
364,304
259,304
347,304
87,304
40,304
141,304
99,304
246,304
280,304
18,304
293,304
266,304
64,304
186,304
264,304
135,305
230,305
347,305
266,305
329,305
319,305
179,305
59,305
377,305
296,305
70,305
266,305
64,306
59,306
272,306
380,306
395,306
318,306
309,306
45,306
364,306
211,306
99,306
115,306
135,306
280,306
120,306
119,306
59,307
179,307
347,307
318,307
135,307
364,307
362,307
59,307
153,307
230,307
153,307
83,307
45,308
364,308
64,308
309,308
87,308
293,308
45,308
273,308
328,308
378,308
38,308
105,308
387,309
100,309
158,309
210,309
119,309
252,309
201,309
289,309
82,309
53,309
205,309
92,309
211,309
211,310
99,310
12,310
395,310
192,310
335,310
354,310
229,310
162,310
378,310
48,310
28,310
305,310
34,310
63,310
148,310
309,311
12,311
64,311
59,311
45,311
266,311
158,311
211,311
309,312
259,312
266,312
230,312
12,312
99,312
280,312
64,312
142,312
143,312
378,312
229,312
230,312
237,312
45,313
380,313
347,313
87,313
246,313
99,313
289,313
278,313
13,313
26,313
24,313
309,314
64,314
347,314
266,314
74,314
18,314
45,314
59,314
157,314
373,314
240,314
382,314
347,315
211,315
364,315
387,315
179,315
273,315
395,315
83,315
74,316
329,316
12,316
347,316
380,316
382,316
380,317
259,317
309,317
45,317
273,317
99,317
64,317
273,317
347,317
253,317
125,317
299,317
380,318
170,318
99,318
246,318
173,318
61,318
370,318
186,318
267,318
364,319
45,319
272,319
99,319
347,319
273,319
395,319
266,319
347,319
211,319
349,319
59,319
317,319
28,319
14,319
352,319
266,320
64,320
355,320
397,320
44,320
399,320
45,320
94,320
148,320
211,320
74,321
373,321
308,321
307,321
221,321
21,321
361,321
119,321
12,321
396,321
192,321
400,321
198,321
100,321
364,322
170,322
45,322
266,322
318,322
59,322
355,322
293,322
381,322
87,322
351,322
153,322
364,322
191,322
253,322
142,322
152,322
321,322
59,323
74,323
347,323
309,323
364,323
361,323
59,323
280,323
299,323
94,323
266,323
135,324
99,324
395,324
319,324
230,324
305,324
256,324
28,324
402,324
92,324
60,324
215,324
380,325
273,325
246,325
99,325
317,325
253,325
158,325
53,325
292,325
45,325
309,326
266,326
99,326
18,326
273,326
377,326
248,326
183,326
213,326
129,326
391,326
148,326
230,327
211,327
259,327
135,327
272,327
187,327
62,327
125,327
146,327
64,327
319,327
211,327
136,327
396,327
266,327
293,327
387,328
39,328
70,328
68,328
182,328
53,328
193,328
342,328
374,328
308,328
187,328
123,328
118,328
11,328
147,328
21,328
381,328
134,328
272,328
329,329
380,329
99,329
74,329
387,329
266,329
211,329
261,329
246,329
229,329
307,329
342,329
345,329
358,329
97,329
182,329
285,329
253,329
266,330
353,330
278,330
392,330
250,330
177,330
52,330
339,330
72,330
248,330
257,330
123,330
59,330
355,331
273,331
170,331
12,331
259,331
124,331
285,331
258,331
202,331
64,331
278,331
358,331
45,331
59,332
273,332
230,332
272,332
45,332
347,332
364,332
317,332
143,332
211,332
347,332
59,332
251,332
199,332
289,332
31,332
331,332
355,333
230,333
211,333
170,333
318,333
127,333
143,333
268,333
184,333
75,333
84,333
122,333
318,333
259,334
230,334
273,334
266,334
74,334
179,334
64,334
62,334
253,334
178,334
309,334
220,334
329,334
25,334
153,334
309,335
170,335
355,335
18,335
273,335
244,335
145,335
1,335
107,335
348,335
113,335
190,335
230,336
309,336
74,336
135,336
187,336
18,336
208,336
230,336
111,336
132,336
364,337
355,337
230,337
329,337
309,337
12,337
293,337
167,337
62,337
138,337
273,337
366,337
211,337
144,337
135,337
75,337
395,338
211,338
102,338
402,338
318,338
192,338
271,338
335,338
306,338
262,338
89,338
281,338
211,338
272,339
395,339
45,339
179,339
211,339
102,339
87,339
220,339
198,339
98,339
259,340
45,340
170,340
99,340
272,340
329,340
309,340
362,340
115,340
74,341
12,341
364,341
211,341
64,341
230,341
59,341
21,341
378,341
293,341
234,341
45,341
62,341
364,341
355,341
319,341
211,341
12,342
366,342
378,342
162,342
363,342
170,342
176,342
377,342
361,342
138,342
347,342
217,342
24,342
343,342
99,343
45,343
179,343
272,343
309,343
283,343
87,343
259,343
211,343
18,343
271,343
338,343
319,343
329,344
138,344
121,344
10,344
296,344
3,344
243,344
326,344
339,344
344,344
242,344
357,344
309,344
358,344
160,344
329,344
52,344
60,344
266,345
37,345
168,345
222,345
109,345
157,345
181,345
128,345
94,345
210,345
230,346
364,346
395,346
62,346
266,346
48,346
275,346
206,346
170,347
12,347
364,347
355,347
309,347
45,347
255,347
202,347
266,347
322,347
18,347
87,347
34,347
134,347
395,348
64,348
28,348
48,348
402,348
115,348
318,348
45,348
389,348
275,348
244,348
387,349
380,349
272,349
273,349
355,349
99,349
266,349
290,349
246,349
211,349
317,349
257,349
195,349
237,349
328,349
214,349
221,349
361,349
249,349
170,350
309,350
12,350
272,350
99,350
347,350
7,350
328,350
273,350
18,350
176,350
284,350
211,350
163,350
59,350
301,350
348,350
316,350
386,350
347,351
179,351
380,351
266,351
64,351
59,351
170,351
59,351
321,351
246,351
207,351
45,351
364,351
61,351
32,351
133,351
329,352
135,352
329,352
270,352
339,352
3,352
319,352
230,352
388,352
197,352
394,352
318,352
402,352
230,353
347,353
99,353
266,353
187,353
130,353
59,353
400,353
178,353
338,353
38,353
75,353
153,353
64,354
380,354
387,354
211,354
45,354
99,354
343,354
260,354
121,354
98,354
135,355
59,355
364,355
230,355
319,355
364,355
266,355
211,355
101,355
239,355
68,355
230,356
179,356
130,356
187,356
143,356
62,356
295,356
357,356
95,356
329,356
363,356
328,356
266,356
135,357
380,357
309,357
64,357
364,357
319,357
246,357
18,357
45,357
266,357
8,357
210,357
253,357
272,357
272,358
45,358
135,358
309,358
99,358
355,358
211,358
87,358
319,358
280,358
213,358
88,358
308,358
222,358
337,358
59,359
347,359
259,359
179,359
266,359
355,359
230,359
273,359
380,359
273,360
380,360
309,360
59,360
347,360
179,360
220,360
387,361
380,361
395,361
329,361
59,361
211,361
273,361
356,361
99,361
402,361
329,361
364,361
200,361
285,361
385,361
191,361
272,362
74,362
309,362
230,362
380,362
395,362
211,362
361,362
273,362
130,362
246,362
48,362
150,362
148,362
211,363
179,363
341,363
200,363
372,363
98,363
255,363
112,363
356,363
170,364
380,364
395,364
364,364
179,364
135,364
45,364
329,364
145,364
246,364
318,364
293,364
9,364
230,364
87,364
261,364
365,364
191,364
315,364
41,364
170,365
364,365
211,365
64,365
272,365
179,365
135,365
230,366
347,366
387,366
266,366
364,366
355,366
273,366
170,366
62,366
59,366
71,366
277,366
266,366
191,366
285,366
357,366
55,366
364,366
176,366
45,367
272,367
395,367
364,367
259,367
380,367
47,367
187,367
74,368
135,368
272,368
309,368
170,368
45,368
380,368
329,368
249,368
230,368
211,368
18,368
247,368
87,368
99,368
296,368
92,368
244,368
153,368
170,369
387,369
318,369
247,369
357,369
332,369
84,369
153,369
135,369
127,369
280,369
351,369
319,369
329,370
380,370
211,370
54,370
246,370
234,370
202,370
286,370
364,371
293,371
266,371
129,371
124,371
347,371
315,371
282,371
47,371
309,372
266,372
230,372
179,372
329,372
99,372
364,372
273,372
331,372
187,372
201,372
110,372
213,372
293,372
210,372
111,372
319,372
230,372
179,373
64,373
40,373
367,373
91,373
220,373
321,373
93,373
45,373
99,373
39,373
211,373
99,374
64,374
387,374
380,374
170,374
309,374
179,374
329,374
272,374
266,375
347,375
135,375
259,375
355,375
329,375
45,375
29,375
318,376
135,376
387,376
153,376
75,376
230,376
319,376
303,376
196,376
133,376
26,376
353,376
347,376
87,376
364,377
380,377
259,377
230,377
266,377
293,377
246,377
99,377
64,377
187,377
362,377
372,377
390,377
179,378
329,378
135,378
12,378
318,378
99,378
309,378
387,378
265,378
395,379
318,379
170,379
211,379
28,379
115,379
135,379
153,379
328,379
145,379
234,379
146,379
354,379
37,379
233,379
178,379
351,379
309,380
179,380
273,380
18,380
46,380
220,380
380,380
113,380
4,380
309,381
387,381
273,381
230,381
395,381
45,381
12,381
273,381
53,381
253,381
62,381
28,381
347,381
363,381
148,381
170,381
323,381
147,381
309,382
59,382
380,382
318,382
273,382
18,382
280,382
364,382
246,382
135,382
294,382
33,382
380,383
387,383
99,383
246,383
95,383
117,383
310,383
393,383
208,383
253,383
272,383
74,384
380,384
329,384
387,384
135,384
266,384
307,384
246,384
10,384
71,384
319,384
112,384
141,384
282,384
187,384
130,384
12,385
355,385
179,385
135,385
45,385
59,385
259,385
176,385
209,385
259,385
230,385
87,385
364,385
64,385
109,385
344,385
211,385
64,386
74,386
135,386
395,386
179,386
272,386
45,386
365,386
319,386
318,386
91,386
211,386
142,386
379,386
213,386
283,386
272,387
230,387
273,387
64,387
74,387
211,387
62,387
337,387
45,387
308,387
109,387
56,387
355,388
179,388
272,388
259,388
74,388
380,388
99,388
126,388
336,388
211,388
64,388
365,388
246,388
163,388
156,388
267,388
176,388
363,388
211,389
364,389
179,389
64,389
186,389
293,389
148,389
45,389
15,389
312,389
269,389
364,390
318,390
309,390
387,390
293,390
153,390
273,390
291,390
348,390
267,390
299,390
223,390
355,391
329,391
74,391
304,391
103,391
257,391
126,391
138,391
330,391
261,391
15,391
309,391
208,391
307,391
361,391
212,391
395,391
50,391
397,391
334,391
329,392
347,392
45,392
259,392
12,392
270,392
59,392
87,392
64,392
170,392
111,392
326,392
230,393
259,393
74,393
309,393
170,393
45,393
355,393
62,393
64,393
309,393
273,393
327,393
347,393
257,393
204,393
222,393
75,393
59,394
259,394
329,394
380,394
364,394
64,394
243,394
246,394
386,394
149,394
347,395
230,395
259,395
355,395
170,395
273,395
266,395
364,395
59,395
187,395
64,395
390,395
357,395
337,395
118,395
293,395
108,395
250,395
280,395
18,395
347,396
45,396
380,396
364,396
12,396
387,396
59,396
87,396
99,396
266,396
202,396
154,396
165,396
322,396
272,397
211,397
309,397
364,397
347,397
64,397
211,397
76,397
280,397
266,397
59,397
45,397
76,397
332,397
207,397
331,397
222,397
318,398
230,398
179,398
170,398
75,398
153,398
143,398
130,398
98,398
46,398
173,398
247,398
193,398
43,398
361,398
341,398
279,398
329,399
64,399
395,399
230,399
272,399
318,399
180,399
45,399
115,399
143,399
211,399
75,399
4,399
399,399
366,399
99,400
400,400
349,400
394,400
355,400
283,400
183,400
305,400
376,400
292,400
163,400
49,400
141,400
224,400
86,400
57,400
206,400
102,400
201,400
16,400
285,400
158,400
380,401
272,401
99,401
246,401
211,401
307,401
321,401
99,402
163,402
355,402
376,402
267,402
283,402
349,402
292,402
213,402
195,402
89,402
386,402
35,402
251,402
205,402
238,402
332,402
298,402
273,402
82,402
395,403
64,403
135,403
45,403
364,403
273,403
115,403
28,403
45,403
319,403
87,403
266,403
317,403
172,403
356,403
64,403
74,404
329,404
12,404
259,404
307,404
326,404
284,404
64,404
100,404
45,404
76,404
12,405
363,405
366,405
298,405
170,405
176,405
378,405
284,405
162,405
202,405
149,405
287,405
75,405
93,405
218,405
374,405
224,405
58,405
24,405
273,405
45,405
380,406
64,406
355,406
347,406
211,406
329,406
387,406
135,406
246,406
45,406
94,406
59,406
80,406
261,406
38,406
230,406
385,406
85,406
64,406
387,407
99,407
364,407
179,407
309,407
211,407
12,407
45,407
196,407
292,407
266,407
336,407
280,407
219,407
162,407
87,407
228,407
233,407
99,407
246,407
309,408
18,408
280,408
273,408
207,408
169,408
344,408
350,408
230,409
364,409
179,409
62,409
143,409
187,409
130,409
293,409
266,409
70,409
126,409
137,409
115,409
48,409
211,410
272,410
99,410
135,410
64,410
179,410
387,410
234,410
211,410
349,410
230,410
45,410
362,410
51,410
157,410
279,410
270,410
211,411
259,411
135,411
230,411
59,411
364,411
395,411
179,411
146,411
64,411
230,411
62,411
364,411
266,411
318,411
91,411
25,411
125,411
273,411
18,411
280,411
259,412
364,412
211,412
12,412
272,412
45,412
273,412
135,412
144,412
364,412
364,413
230,413
355,413
387,413
12,413
64,413
74,413
59,413
103,413
64,414
45,414
167,414
20,414
355,415
12,415
380,415
99,415
395,415
135,415
272,415
309,415
287,415
211,416
64,416
364,416
74,416
79,416
35,416
45,416
266,416
382,416
170,416
275,416
273,417
253,417
337,417
317,417
285,417
272,417
193,417
104,417
249,417
369,417
391,417
117,417
395,418
273,418
355,418
309,418
364,418
230,418
135,418
387,418
402,418
285,418
165,418
18,418
293,418
179,418
319,418
374,418
65,418
304,418
364,418
64,419
135,419
380,419
74,419
45,419
230,419
99,419
249,419
345,419
204,419
230,420
318,420
259,420
179,420
187,420
143,420
153,420
135,420
75,420
64,420
102,420
381,420
365,420
249,420
309,420
347,421
170,421
230,421
380,421
59,421
131,421
62,421
99,421
285,421
123,421
64,422
364,422
74,422
135,422
266,422
272,422
347,422
329,422
45,422
293,422
373,422
319,422
399,422
211,422
59,422
296,422
21,422
373,422
108,422
272,423
99,423
64,423
211,423
354,423
45,423
92,423
160,423
64,423
135,424
45,424
364,424
395,424
74,424
170,424
273,424
387,424
306,424
135,425
309,425
170,425
99,425
395,425
211,425
179,425
115,425
64,426
259,426
74,426
45,426
64,426
308,426
326,426
41,426
132,426
236,426
237,426
387,427
135,427
329,427
395,427
380,427
379,427
230,427
10,427
28,427
246,427
305,427
295,427
163,427
59,428
329,428
230,428
266,428
395,428
347,428
64,428
50,428
64,428
64,429
74,429
347,429
230,429
309,429
45,429
221,429
59,429
62,429
280,429
100,429
174,429
64,430
170,430
266,430
179,430
318,430
45,430
369,430
286,430
321,430
153,430
75,430
153,430
308,430
361,430
22,430
230,431
99,431
329,431
135,431
12,431
387,431
309,431
221,431
179,432
321,432
98,432
9,432
336,432
224,432
288,432
171,432
73,432
166,432
347,433
395,433
74,433
12,433
309,433
179,433
273,433
59,433
102,433
361,433
363,433
273,433
91,433
337,433
227,433
393,433
147,433
45,434
59,434
74,434
179,434
273,434
329,434
347,434
364,434
21,434
91,434
272,434
110,434
400,434
178,434
388,434
360,434
74,435
309,435
230,435
45,435
365,435
22,435
18,435
273,435
62,435
179,435
87,435
347,435
125,435
359,435
24,435
99,435
246,435
355,436
227,436
14,436
396,436
387,436
360,436
249,436
88,436
76,436
170,436
272,437
64,437
273,437
259,437
211,437
45,437
337,437
64,437
47,437
201,437
257,437
269,437
364,438
64,438
266,438
170,438
309,438
135,438
45,438
318,438
293,438
45,438
178,438
223,438
273,438
319,438
347,438
153,438
143,438
316,438
347,439
74,439
59,439
382,439
202,439
348,439
293,439
272,440
309,440
395,440
380,440
64,440
179,440
294,440
273,441
395,441
74,441
135,441
259,441
272,441
48,441
307,441
230,441
64,441
216,441
24,441
179,441
45,442
230,442
87,442
347,442
130,442
143,442
84,442
41,442
363,442
59,442
318,443
329,443
230,443
64,443
135,443
75,443
121,443
339,443
179,443
62,443
45,443
142,443
334,443
266,443
293,443
259,444
179,444
59,444
347,444
64,444
93,444
364,444
59,444
261,444
233,444
211,445
135,445
347,445
387,445
45,445
266,445
391,445
230,445
59,445
86,445
87,445
177,445
162,445
325,445
170,446
387,446
329,446
74,446
380,446
59,446
318,446
272,446
303,446
59,447
259,447
273,447
387,447
99,447
364,447
64,447
272,447
119,447
400,447
243,447
143,447
59,447
272,448
59,448
395,448
170,448
135,448
387,448
192,448
74,449
211,449
387,449
380,449
99,449
309,449
135,449
45,449
382,449
12,450
74,450
364,450
347,450
135,450
378,450
308,450
293,450
59,450
230,450
235,450
71,450
187,450
135,451
319,451
230,451
186,451
328,451
79,451
98,451
395,452
102,452
402,452
28,452
115,452
318,452
48,452
43,452
350,452
168,452
22,452
397,452
276,452
249,452
273,453
364,453
266,453
230,453
45,453
272,453
329,453
396,453
184,453
59,454
211,454
272,454
364,454
226,454
211,454
339,454
387,454
74,455
230,455
387,455
382,455
143,455
262,455
170,455
90,455
99,456
64,456
355,456
230,456
318,456
12,456
267,456
45,456
4,456
130,456
75,456
202,456
388,456
139,456
170,457
251,457
149,457
357,457
49,457
223,457
195,457
62,457
108,457
13,457
177,457
198,457
99,458
395,458
347,458
266,458
318,458
59,458
183,458
318,458
59,458
353,458
153,458
364,458
351,458
112,458
33,458
174,458
193,458
179,459
347,459
99,459
266,459
170,459
309,459
273,459
59,459
259,459
59,459
305,459
225,459
251,459
280,459
253,459
364,459
260,459
107,459
364,460
211,460
355,460
170,460
45,460
273,460
266,460
192,460
241,460
42,460
347,460
317,460
118,460
286,460
130,460
143,460
387,461
347,461
318,461
45,461
309,461
355,461
64,461
52,461
59,461
135,461
347,461
280,461
81,461
45,461
108,461
247,461
363,461
318,462
259,462
364,462
170,462
272,462
75,462
64,462
293,462
245,462
211,462
57,462
106,462
45,462
259,463
272,463
74,463
45,463
364,463
59,463
99,463
355,463
83,463
45,463
59,464
273,464
387,464
364,464
337,464
182,464
73,464
198,464
190,464
12,465
298,465
162,465
284,465
202,465
176,465
366,465
378,465
170,465
363,465
190,465
398,465
135,465
162,465
125,465
285,465
343,465
379,465
248,465
11,465
355,466
318,466
64,466
127,466
231,466
197,466
55,466
153,466
135,466
75,466
45,466
358,466
115,466
211,466
12,467
74,467
64,467
329,467
162,467
202,467
176,467
208,467
382,467
21,467
45,467
54,467
319,467
183,467
266,468
318,468
355,468
109,468
323,468
278,468
153,468
75,468
135,468
315,468
88,468
241,468
2,468
383,468
295,468
365,468
309,469
259,469
273,469
18,469
64,469
341,469
324,469
74,470
211,470
273,470
266,470
380,470
64,470
318,470
179,470
278,470
211,471
364,471
395,471
113,471
338,471
159,471
293,471
266,471
178,471
261,471
274,471
273,472
99,472
387,472
135,472
230,472
12,472
266,472
318,472
157,472
48,472
387,473
59,473
355,473
290,473
206,473
364,473
47,473
340,473
12,473
170,474
380,474
7,474
5,474
106,474
15,474
85,474
49,474
105,474
47,474
45,475
380,475
135,475
179,475
87,475
246,475
230,475
367,475
176,475
190,475
380,476
246,476
99,476
115,476
281,476
83,476
395,477
59,477
12,477
355,477
329,477
48,477
364,477
366,477
103,477
326,477
155,477
151,477
329,478
380,478
64,478
364,478
259,478
272,478
395,478
135,478
339,478
99,478
45,478
293,478
64,478
211,478
28,478
230,478
43,478
27,478
362,478
318,479
329,479
12,479
272,479
75,479
135,479
153,479
121,479
329,479
54,479
378,479
162,479
363,479
211,479
325,479
187,479
272,480
347,480
64,480
45,480
318,480
329,480
211,480
59,480
45,480
87,480
75,480
10,480
152,480
72,480
321,480
309,481
18,481
273,481
280,481
302,481
25,481
77,481
252,481
318,482
355,482
230,482
380,482
272,482
135,482
14,482
130,482
246,482
211,482
209,482
367,482
259,483
266,483
179,483
12,483
347,483
211,483
64,483
151,483
259,483
298,483
59,483
186,483
98,483
263,483
246,483
12,484
355,484
179,484
135,484
259,484
298,484
384,484
148,484
230,484
64,484
266,484
99,484
259,485
380,485
318,485
230,485
74,485
273,485
211,485
266,485
64,485
246,485
75,485
187,485
361,485
253,485
219,485
286,485
70,485
92,485
179,486
272,486
266,486
220,486
362,486
211,486
31,486
339,486
104,486
355,487
179,487
390,487
171,487
14,487
175,487
201,487
367,487
312,487
150,487
264,487
274,487
402,487
115,487
272,488
355,488
179,488
135,488
211,488
134,488
362,488
230,488
91,488
249,488
347,488
272,489
211,489
25,489
70,489
259,490
64,490
387,490
179,490
135,490
364,490
12,490
380,490
54,490
272,491
64,491
135,491
99,491
211,491
45,491
319,491
349,491
195,491
38,491
266,492
230,492
211,492
345,492
31,492
179,492
130,492
200,492
82,492
360,492
122,492
347,492
347,492
329,493
259,493
230,493
364,493
266,493
59,493
261,493
64,493
179,493
293,493
233,493
364,493
21,493
239,493
64,494
99,494
59,494
12,494
45,494
355,494
364,494
170,494
260,494
293,494
347,495
395,495
135,495
329,495
273,495
309,495
203,495
230,496
272,496
130,496
62,496
211,496
17,496
318,496
273,497
45,497
266,497
387,497
170,497
337,497
285,497
87,497
347,497
118,497
215,497
33,497
65,497
223,497
145,497
335,497
82,497
198,497
309,498
18,498
280,498
273,498
264,498
369,498
246,498
401,498
45,498
179,499
336,499
13,499
91,499
46,499
314,499
362,499
372,499
220,499
321,499
175,499
40,499
16,499
228,499
227,499
116,499
91,499
18,499
244,499
5,499
101,499
31,499
9,499
176,499
,
